Record_ID,Customer_Name,City,State,Region,Category,Sub_Category,Transaction_Date,Quantity,Unit_Price,Discount,Revenue,Profit,Rating,Status
AIR1000,Roberto Horton,North Lucasfurt,Nevada,North,B,Type1,2023-07-04,13,294.98,0.08,3672.58,4973.01,4.4,Completed
AIR1001,Maria Collins,Michaelborough,Illinois,South,D,Type2,2026-01-17,5,654.92,0.17,6407.97,1378.98,1.3,Completed
AIR1002,Jerry Evans,Andreashire,Arizona,West,D,Type2,2025-02-21,18,154.52,0.14,8911.51,1973.16,3.3,Completed
AIR1003,Christian Ramirez,Stonestad,Iowa,North,C,Type3,2023-11-13,14,592.73,0.23,8158.34,4919.59,4.7,Cancelled
AIR1004,Kristin Jones,West Christopher,Kansas,South,A,Type2,2024-05-22,2,575.87,0.08,4398.32,601.64,4.9,Cancelled
AIR1005,Michael Pennington,Bradhaven,Wyoming,East,A,Type1,2025-11-22,7,408.92,0.2,9262.16,3289.2,4.5,Cancelled
AIR1006,April Rodriguez,Jonesshire,Minnesota,North,B,Type2,2024-05-10,18,487.67,0.11,9739.66,2575.84,3.0,Completed
AIR1007,Ashley Bullock,Maciasland,Alabama,East,C,Type3,2024-02-26,18,155.51,0.14,7711.85,4140.05,3.5,Completed
AIR1008,Robert Copeland,North Andreaborough,Maine,North,C,Type1,2024-11-10,19,812.41,0.28,1839.64,2217.88,1.6,Cancelled
AIR1009,Jessica Moore,Gibbsbury,New Hampshire,East,B,Type1,2024-02-29,17,608.71,0.24,7498.38,2376.78,1.8,Pending
AIR1010,Ashley Glover,Brownville,Nebraska,North,D,Type2,2025-06-05,17,128.25,0.07,4085.09,1735.83,1.9,Completed
AIR1011,Patrick Flores,,Iowa,East,A,Type3,2024-01-17,5,918.36,0.21,2518.38,3348.98,3.1,Completed
AIR1012,Jennifer Sullivan,Sanfordfort,Hawaii,East,B,Type3,2025-12-05,7,626.4,0.04,1238.14,3110.81,3.2,Completed
AIR1013,Richard Reid,Mejiaport,North Carolina,North,A,Type3,2025-12-08,14,180.61,0.3,1109.34,4024.02,1.9,Cancelled
AIR1014,Pamela Jones,Navarrochester,Utah,North,A,Type1,2025-03-01,9,231.94,0.27,4093.98,1963.41,1.8,Pending
AIR1015,John Gilbert,Johnmouth,Hawaii,East,A,Type1,2025-12-30,1,212.1,0.25,5662.0,735.18,4.0,Completed
AIR1016,Michael Munoz,Port John,Nevada,West,B,Type1,2024-02-24,19,233.05,0.19,6807.53,1784.84,2.0,Completed
AIR1017,Calvin Lowe,Brianchester,Pennsylvania,East,C,Type2,2026-04-05,1,217.67,0.06,8677.37,4368.89,3.3,Cancelled
AIR1018,Timothy Baker,South Brittany,Colorado,West,B,Type3,2024-12-07,18,748.51,0.15,1534.35,3230.55,1.8,Completed
AIR1019,Mrs. Patricia Shaw,Port Johnton,New York,North,A,Type1,2023-08-08,17,595.49,0.14,3207.54,3974.72,3.0,Cancelled
AIR1020,Cindy Stewart,Stuartside,Montana,East,D,Type1,2024-05-20,18,241.02,0.12,423.76,3063.33,3.5,Cancelled
AIR1021,Kayla Mills,North Jacqueline,Illinois,West,A,Type1,2024-04-02,8,932.63,0.2,6680.99,3970.11,4.9,Pending
AIR1022,Christine Padilla,Littleborough,Tennessee,East,C,Type1,2025-07-31,2,21.5,,325.43,2416.43,1.5,Cancelled
AIR1023,Gloria Thomas,Loganville,New York,East,B,Type3,2024-10-30,6,688.74,0.08,557.59,48.9,3.8,Cancelled
AIR1024,Justin Blanchard,Lake Steven,Hawaii,East,A,Type3,2024-07-13,6,547.95,0.2,6021.59,,3.9,Pending
AIR1025,Laura Baker,,Nebraska,East,C,Type1,2023-12-03,4,536.12,0.11,2017.2,4973.96,1.9,Pending
AIR1026,Alyssa Moore,Loriborough,Washington,West,C,Type3,2023-09-11,14,555.84,0.01,6612.78,1.34,2.6,Completed
AIR1027,Bradley Chen,Amandafort,Hawaii,West,C,Type2,2024-09-30,7,491.76,0.05,3626.9,4468.24,3.8,Pending
AIR1028,Justin Williams,Miguelbury,Kentucky,West,A,Type1,2024-08-17,12,947.01,0.19,2667.23,1520.58,3.8,Cancelled
AIR1029,Ashley Turner,Gonzalesport,Minnesota,East,B,Type1,2023-11-15,1,622.55,0.24,7629.16,-0.51,3.0,Pending
AIR1030,Mrs. Kim Donovan,,Alabama,East,D,Type1,2025-06-17,17,464.8,0.02,7439.02,2443.59,3.8,Pending
AIR1031,Ryan Mathis,East Christine,South Dakota,West,C,Type2,2025-12-18,10,861.45,0.05,701.01,4762.85,3.2,Pending
AIR1032,Sara Parker,North Carol,Minnesota,North,D,Type3,2025-01-18,8,890.76,0.14,7272.06,2464.65,1.5,Cancelled
AIR1033,Jamie Rodriguez,Walkershire,Nevada,South,C,Type3,2026-01-01,8,776.66,0.03,9464.7,1858.76,4.1,Cancelled
AIR1034,Emma Lewis,Brianshire,New Mexico,South,A,Type2,2024-08-10,12,578.07,0.2,4788.44,-392.63,2.0,Cancelled
AIR1035,Rebecca Buckley,Lake Michaelborough,Missouri,East,D,Type3,2026-01-02,8,52.27,0.01,5368.17,4929.84,4.9,Cancelled
AIR1036,Victor Lynn,New Amandafurt,Iowa,North,C,Type3,2023-10-18,17,911.0,0.03,3450.58,701.37,4.2,Pending
AIR1037,Ashley Torres,New Sarah,Nevada,North,C,Type1,2024-04-15,18,819.39,0.22,7662.82,4870.92,4.0,Cancelled
AIR1038,Tiffany Wheeler,South Jenniferfurt,South Carolina,North,D,Type2,2025-10-04,17,934.18,0.25,7669.96,953.05,4.2,Completed
AIR1039,Jorge Brooks,West Laurenburgh,South Dakota,East,D,Type1,2024-10-28,6,143.19,0.08,8927.31,1895.19,2.5,Completed
AIR1040,Johnathan Sanchez,Michaeltown,New Jersey,South,C,Type1,2025-10-03,11,961.53,0.14,7260.85,-251.44,1.3,Cancelled
AIR1041,Tina Fitzgerald,South Rodney,Louisiana,South,B,Type1,2025-06-16,17,966.04,0.17,9797.08,2253.48,2.6,Cancelled
AIR1042,Heather Davis,Jacksonville,New Mexico,North,B,Type2,2025-09-12,19,458.85,0.01,9703.66,-343.14,2.3,Pending
AIR1043,Audrey Murphy,Lake Maria,Montana,East,B,Type2,2023-12-21,19,83.63,0.21,4143.82,3616.54,1.9,Pending
AIR1044,Richard Branch,Heatherton,Colorado,North,B,Type1,2023-11-20,12,625.64,0.02,7243.15,2681.83,2.4,Completed
AIR1045,Miguel Ramos,Navarroburgh,Maine,North,D,Type3,2024-05-29,16,629.98,,280.11,54.02,3.7,Completed
AIR1046,Carol Gibson,Davidtown,Arkansas,East,C,Type3,2023-07-14,16,535.3,0.22,3918.22,2757.98,1.3,Pending
AIR1047,Amanda Cook,East Toni,Kansas,North,B,Type2,2024-02-12,13,334.86,0.25,4143.47,3772.09,2.2,Completed
AIR1048,Marc Walker,Robertfurt,Idaho,West,C,Type1,2025-02-17,3,81.1,0.21,8328.12,1927.71,2.2,Pending
AIR1049,Susan Brennan,Marystad,California,West,A,Type3,2023-09-06,1,566.76,0.27,2801.13,584.04,1.8,Cancelled
AIR1050,Gabrielle Mercer,Danielbury,Tennessee,South,C,Type2,2024-10-18,13,321.03,0.3,2218.81,4154.31,4.6,Pending
AIR1051,Richard Turner,East Lori,Delaware,East,D,Type1,2024-12-22,18,108.66,0.24,4677.4,706.66,4.4,Cancelled
AIR1052,Elijah Buck,Andersonhaven,Nebraska,South,C,Type3,2025-09-12,11,198.38,0.19,2346.01,2542.35,3.6,Completed
AIR1053,Kimberly Cross,West Geraldborough,Nevada,North,D,Type1,2024-10-21,6,792.61,0.02,1836.99,1292.75,4.2,Completed
AIR1054,Evelyn Gonzalez,Mariahtown,Connecticut,North,A,Type2,2024-10-06,18,808.37,0.27,4793.29,1176.6,3.8,Pending
AIR1055,Madison Wilson,South Ernest,West Virginia,South,D,Type2,2024-06-19,13,769.94,0.09,2798.03,507.06,1.3,Pending
AIR1056,Katherine Nguyen,Kelseystad,Georgia,North,C,Type2,2025-09-14,13,85.07,0.12,1304.78,2996.87,4.3,Pending
AIR1057,Alexander Briggs,North Benjaminburgh,Florida,West,B,Type2,2024-12-30,19,119.48,0.16,2628.25,4282.12,2.8,Cancelled
AIR1058,Carlos Weber,,Arizona,South,D,Type1,2024-01-31,1,240.93,0.27,7499.84,-431.1,3.0,Pending
AIR1059,Samantha Sanders,North Stephanieburgh,Arizona,South,C,Type3,2025-04-03,7,979.58,0.24,1178.18,1247.06,4.9,Cancelled
AIR1060,Carl Gregory,New Laurenmouth,Maine,North,C,Type3,2023-11-23,18,282.15,0.15,1043.47,4012.83,4.8,Completed
AIR1061,Juan Horton,Nguyenberg,Wyoming,East,A,Type1,2023-07-13,13,935.42,0.26,4145.08,3234.3,2.2,Completed
AIR1062,Benjamin Howard,Port Jeffrey,Oklahoma,South,D,Type2,2025-09-02,8,662.59,0.26,1707.59,221.21,2.5,Completed
AIR1063,Cynthia Lin,North Jessicaborough,West Virginia,East,D,Type1,2026-05-03,11,37.11,0.1,3934.4,1683.18,1.1,Completed
AIR1064,Kenneth Franklin,West Jeffreyville,Indiana,South,A,Type2,2023-10-02,17,492.53,0.08,9168.62,4423.78,2.7,Cancelled
AIR1065,Theresa Harris,East Kristina,Tennessee,South,B,Type1,2024-03-18,10,837.74,0.12,1562.16,2933.51,2.2,Cancelled
AIR1066,Luis Kim,Lake Matthewstad,Montana,North,C,Type2,2024-04-17,4,72.9,0.23,7209.56,4020.79,1.2,Pending
AIR1067,Brenda Swanson,East Todd,Virginia,South,C,Type3,2023-12-02,5,613.81,0.19,854.26,2338.48,2.3,Cancelled
AIR1068,Michelle Johnson,East Aliciaport,Vermont,East,A,Type1,2025-11-02,16,327.27,0.04,7798.85,828.93,3.4,Pending
AIR1069,Tammy Bennett,Michaelbury,Arizona,North,A,Type3,2025-07-27,18,208.27,0.1,9357.75,13.66,2.6,Pending
AIR1070,William Carter,North Thomasview,Georgia,East,A,Type2,2025-12-09,18,533.19,0.26,7803.43,3454.74,1.9,Completed
AIR1071,Debbie Gomez,West Kristenhaven,Vermont,West,D,Type2,2026-03-13,5,798.01,0.28,8831.33,-244.78,1.3,Cancelled
AIR1072,Robert Smith,Mooreton,North Dakota,West,A,Type1,2025-09-22,16,780.78,0.04,7441.37,1235.67,4.2,Completed
AIR1073,Corey Carlson,New Josephport,Montana,West,A,Type2,2026-05-26,9,182.45,0.29,2821.5,1026.56,1.9,Pending
AIR1074,Tyrone Preston,Port Timothy,Virginia,South,B,Type1,2024-02-09,3,354.7,0.19,2375.49,468.28,4.4,Pending
AIR1075,James Hayes,West Mariamouth,North Dakota,East,C,Type1,2025-04-06,6,354.71,0.24,9009.91,2548.09,2.5,Pending
AIR1076,Derek Farmer,North Saraton,Maine,North,A,Type3,2024-07-28,10,826.21,0.25,411.51,4951.65,4.7,Cancelled
AIR1077,Justin Sanders,Smithhaven,Kansas,South,A,Type1,2026-01-24,2,501.3,0.04,5447.38,4335.63,5.0,Cancelled
AIR1078,Christina Moore,New Krista,Tennessee,West,A,Type1,2025-12-18,2,381.49,0.19,3429.3,,3.2,Pending
AIR1079,Mr. Daniel Jordan,New Ashlee,Missouri,South,D,Type3,2023-10-15,7,807.11,0.04,9130.52,-29.36,3.1,Completed
AIR1080,William Hubbard,South Debraberg,Colorado,South,A,Type3,2024-10-25,9,892.04,0.13,1738.12,3962.61,2.4,Completed
AIR1081,Chris Jenkins,North Kimberly,California,North,D,Type2,2026-05-16,14,330.55,0.11,3747.56,3292.51,4.6,Cancelled
AIR1082,Matthew Malone,Christyport,Illinois,West,D,Type1,2023-09-18,8,985.39,0.25,1065.79,3029.35,2.2,Pending
AIR1083,Shelby Sosa,East Jackville,Utah,South,B,Type3,2026-01-18,16,540.37,0.04,9387.39,2429.15,3.4,Completed
AIR1084,Belinda Chapman,South Michael,Oregon,East,A,Type3,2025-06-30,16,71.31,0.26,3424.92,3534.32,3.5,Pending
AIR1085,Kathleen Wilson,Wrightstad,New Jersey,West,A,Type1,2025-07-06,3,372.07,0.11,3786.19,2336.08,4.8,Completed
AIR1086,Keith Bradley,Martinshire,New Hampshire,North,D,Type3,2024-02-05,6,548.81,0.02,703.03,2341.02,2.7,Completed
AIR1087,George Thornton,North Miguel,North Dakota,South,B,Type2,2025-03-09,11,828.23,0.2,1112.76,1632.03,2.1,Pending
AIR1088,Michael Lang,Port Juliefurt,Colorado,West,D,Type3,2023-09-05,11,712.1,0.3,9334.26,3967.47,2.5,Cancelled
AIR1089,Dr. Nicole Bush,Port Saramouth,Iowa,North,B,Type2,2024-08-03,6,207.51,0.27,6499.37,333.94,3.8,Completed
AIR1090,Morgan Anderson,Glovermouth,Alaska,West,A,Type1,2024-06-19,18,429.45,0.28,6167.12,4345.15,1.9,Completed
AIR1091,Donna Davis,Port Jessicaport,Rhode Island,West,D,Type2,2025-07-26,13,107.34,0.11,7906.36,3067.97,3.0,Pending
AIR1092,Richard Peterson,Christophershire,Kentucky,East,C,Type3,2025-08-25,7,878.52,0.06,6335.51,2819.69,1.2,Pending
AIR1093,Ivan Reese,Lake Patrickberg,Illinois,West,D,Type1,2023-10-26,15,13.68,0.26,2615.41,4567.14,3.4,Cancelled
AIR1094,Carolyn Lara,Lake Jamieville,Maryland,East,B,Type2,2024-06-21,11,268.1,0.01,9139.37,3058.25,3.0,Pending
AIR1095,April Mcdonald,Hendricksbury,Washington,South,A,Type1,2025-05-13,6,764.69,0.28,2535.85,660.84,2.9,Completed
AIR1096,Dominic Quinn,West Scott,North Carolina,East,B,Type3,2024-02-14,4,31.79,0.11,8229.88,3985.49,1.9,Completed
AIR1097,Christopher Russell,Vegashire,Idaho,South,A,Type3,2024-04-02,16,723.83,0.21,2882.84,4675.47,3.8,Completed
AIR1098,Nicholas Hunt,Michelletown,Minnesota,East,D,Type1,2026-02-23,16,657.79,0.12,2618.54,1332.8,4.6,Cancelled
AIR1099,Tammie Brewer,West Margaret,Montana,East,B,Type2,2023-10-14,18,451.0,0.19,5846.36,968.92,2.2,Completed
AIR1100,Steven Brown,West Jeffrey,Oregon,South,A,Type1,2023-07-02,5,149.94,0.1,1436.25,3185.63,4.9,Cancelled
AIR1101,Dana Martin,Taylorland,Georgia,East,C,Type1,2024-07-16,18,316.38,0.1,3809.01,4648.64,1.4,Completed
AIR1102,Logan Wilkerson,Stephenmouth,Washington,East,A,Type2,2024-08-31,1,207.09,0.11,5094.31,1118.4,2.1,Completed
AIR1103,James Ramsey,Port Aaron,Virginia,East,A,Type1,2025-09-29,4,15.89,0.24,8925.09,1400.72,2.1,Pending
AIR1104,Jacob Kelley,Lindsayfurt,Hawaii,North,B,Type3,2024-07-18,10,374.08,0.06,3893.43,-112.31,3.7,Pending
AIR1105,Michael Gordon,Kristinaton,Indiana,East,C,Type1,2025-05-14,11,903.37,0.13,538.4,3574.88,1.4,Completed
AIR1106,Linda Oconnor,Millerberg,Massachusetts,East,C,Type2,2024-09-27,6,484.78,0.09,8203.74,4009.62,3.4,Cancelled
AIR1107,David Rodriguez,North Kenneth,Louisiana,North,B,Type2,2025-02-28,4,604.61,0.02,6201.2,780.14,4.7,Completed
AIR1108,Christopher Reynolds,Michaelborough,Nevada,East,B,Type1,2026-04-02,4,941.99,0.22,6835.0,4369.12,4.7,Completed
AIR1109,Reginald Ford,Frankfurt,South Dakota,South,C,Type2,2023-07-26,1,456.39,0.26,990.55,2187.17,5.0,Completed
AIR1110,Tanner Rivera,Robertview,Rhode Island,West,C,Type3,2025-11-14,1,587.63,0.07,1852.44,952.52,4.3,Completed
AIR1111,Stephanie Hinton,West Aaronberg,South Carolina,North,A,Type2,2024-10-12,3,101.43,0.11,5522.24,2746.71,2.1,Cancelled
AIR1112,Caleb Combs,East Gabrielside,Mississippi,East,C,Type1,2026-04-14,7,142.37,0.27,2096.84,2665.82,1.7,Cancelled
AIR1113,Joseph Lamb,Port Arthurfurt,Kentucky,South,D,Type1,2023-07-21,16,588.16,0.27,8200.3,1332.24,1.2,Cancelled
AIR1114,Bradley Hawkins,Juliehaven,Oregon,West,D,Type2,2024-06-11,16,57.31,0.21,341.39,3104.33,2.3,Completed
AIR1115,Brian Griffin,Port Davidfurt,Alabama,South,C,Type3,2023-08-30,1,45.45,0.14,8196.13,3869.2,4.8,Pending
AIR1116,Richard Price,Perrystad,Illinois,East,B,Type3,2025-03-02,13,113.48,0.05,4698.71,3434.95,3.3,Completed
AIR1117,John Peters,Port Joseph,Wyoming,South,D,Type1,2025-04-13,2,240.87,0.18,5936.08,1556.36,2.4,Completed
AIR1118,Donna Olson,East Kara,Hawaii,North,A,Type1,2026-01-08,12,106.59,0.12,2068.68,3994.29,1.0,Cancelled
AIR1119,Bonnie Johnson,Johnside,West Virginia,East,D,Type1,2024-09-17,12,263.63,0.1,3946.1,3156.5,3.3,Pending
AIR1120,Anna Douglas,Nathanton,Florida,West,B,Type2,2023-08-23,11,741.25,0.25,5796.24,1061.94,4.9,Pending
AIR1121,Jennifer Terrell,Dawnberg,Colorado,North,C,Type1,2023-10-06,10,421.46,0.12,1684.27,4259.46,5.0,Cancelled
AIR1122,Harold Robinson,Jacksonmouth,Washington,West,D,Type2,2025-06-04,1,667.5,,3961.57,-349.22,3.2,Cancelled
AIR1123,Rodney Gray,South Jenniferfort,Virginia,East,B,Type3,2025-08-02,14,766.86,0.12,6788.73,3051.15,4.3,Cancelled
AIR1124,Daniel Parker,Rubioport,New Hampshire,North,D,Type1,2024-08-28,2,334.79,0.21,9040.68,2426.39,1.5,Completed
AIR1125,Dawn Knight,Clayhaven,Mississippi,East,B,Type1,2024-02-20,16,895.16,0.06,2644.32,3222.14,5.0,Cancelled
AIR1126,Nicolas Burton,East David,Colorado,East,A,Type2,2026-04-18,11,862.89,0.2,7614.82,2389.09,3.1,Completed
AIR1127,Tammy Acevedo,Port Heather,New York,South,D,Type3,2024-09-24,5,419.09,0.16,1366.86,4784.98,2.5,Cancelled
AIR1128,Jeanne Casey,Davidmouth,South Carolina,East,A,Type3,2024-07-16,1,827.15,0.23,1962.76,1367.13,2.5,Completed
AIR1129,John Harrison,West Karen,Pennsylvania,North,D,Type3,2024-03-02,11,343.71,0.16,8128.14,1029.13,4.2,Completed
AIR1130,Kelly Bishop,Thomasview,Delaware,West,A,Type1,2025-09-05,1,726.14,0.11,8635.93,1022.67,4.7,Cancelled
AIR1131,Tammy Martinez,Webbshire,Indiana,South,C,Type2,2023-07-03,19,971.45,0.03,5467.74,2213.29,4.9,Pending
AIR1132,Jennifer Jefferson,North Michaelton,Tennessee,South,C,Type2,2024-01-20,14,318.43,0.15,1748.64,3152.67,3.4,Cancelled
AIR1133,Tyler Greene,Alisonport,Rhode Island,West,D,Type3,2024-10-02,18,576.82,0.09,1926.8,-57.61,3.2,Cancelled
AIR1134,Nathan Williams,Keithshire,South Carolina,East,B,Type3,2024-01-10,6,366.71,0.27,9469.21,4524.81,2.2,Completed
AIR1135,April Martin,Nicoleport,Ohio,West,A,Type1,2026-05-21,11,502.4,0.07,5598.04,951.13,3.8,Cancelled
AIR1136,Eric Guzman,East Jennifermouth,Utah,North,B,Type2,2025-09-04,18,225.63,0.24,3191.51,-429.81,1.6,Completed
AIR1137,Melvin Ryan,New Michaelside,Illinois,North,D,Type3,2025-06-27,12,433.9,0.14,5927.38,4590.86,5.0,Completed
AIR1138,Nina Mendoza,Lake Zacharystad,Georgia,East,C,Type1,2023-08-07,3,648.15,0.0,2839.27,812.05,4.5,Completed
AIR1139,James Zuniga,East Stephen,California,East,C,Type2,2023-07-10,4,351.19,0.08,7427.24,3143.3,3.5,Completed
AIR1140,Mary Blanchard,Carlastad,Wyoming,North,C,Type1,2026-03-09,10,296.08,0.28,1808.14,-305.55,2.7,Completed
AIR1141,Heather Berg,Nicholschester,New Hampshire,North,D,Type3,2023-07-30,14,337.74,0.09,2795.27,2892.06,4.4,Cancelled
AIR1142,Denise Franco,Rileyfurt,New York,West,A,Type1,2025-03-18,14,319.26,0.18,7215.98,981.97,3.4,Cancelled
AIR1143,Andrew Owen,New Jose,Alaska,South,A,Type3,2025-06-01,18,168.82,0.17,594.49,597.44,4.6,Completed
AIR1144,David Cohen,East Stephen,Colorado,East,D,Type3,2023-11-04,7,907.24,0.2,9950.09,-153.12,2.5,Cancelled
AIR1145,Morgan Chavez,Lonnieshire,Idaho,East,D,Type3,2024-10-22,15,956.15,0.29,3399.51,4410.52,4.4,Cancelled
AIR1146,Richard Malone,New Kaylaville,Ohio,East,B,Type2,2023-10-25,12,272.12,0.22,7004.86,4607.9,1.0,Completed
AIR1147,Anthony Parsons,Keithtown,Missouri,East,C,Type3,2024-12-15,1,620.52,0.17,919.51,4048.85,1.7,Cancelled
AIR1148,Gavin Montgomery,Reesemouth,Montana,East,B,Type3,2024-01-21,14,322.01,0.27,5715.07,1117.23,4.1,Cancelled
AIR1149,John Harris,Patrickchester,Arizona,North,A,Type2,2025-03-05,2,584.28,0.23,5403.72,-499.41,4.1,Completed
AIR1150,Shelby Williams,Martinezbury,Michigan,East,C,Type2,2024-02-28,14,300.33,0.08,2710.75,825.69,2.8,Cancelled
AIR1151,Maurice Jones,Dustinburgh,Alaska,South,B,Type1,2023-05-29,4,70.2,0.07,3543.49,2732.1,1.7,Pending
AIR1152,Lisa Gibson,East Brendabury,Vermont,West,A,Type3,2023-07-28,18,158.28,0.25,8503.69,1314.78,1.2,Cancelled
AIR1153,Valerie Payne,East Kevin,New Hampshire,East,A,Type2,2023-09-10,7,527.97,,2409.56,231.44,2.3,Cancelled
AIR1154,Jeffery Fields,Lake James,Vermont,South,C,Type3,2025-07-06,10,256.88,0.05,6927.6,599.54,3.6,Completed
AIR1155,Jeremy Mack,West Michael,Alabama,West,A,Type2,2025-03-10,6,488.77,0.21,4553.16,3928.71,2.6,Completed
AIR1156,Allison Bowen,North Crystal,Nevada,North,D,Type2,2024-10-20,3,910.94,0.06,5145.8,1225.04,4.4,Completed
AIR1157,Gabrielle Wallace,South Nicole,Pennsylvania,East,A,Type2,2025-06-25,14,50.64,0.26,3749.58,239.76,1.4,Completed
AIR1158,Kim Price,Lake Jeremy,South Carolina,West,B,Type3,2025-03-08,2,817.14,0.06,7875.48,2781.46,1.9,Cancelled
AIR1159,Sophia Ingram,Lake Nicole,New Hampshire,West,D,Type3,2023-08-21,8,492.04,0.08,147.39,2640.0,3.9,Cancelled
AIR1160,Stephanie Kelly,South Bonnieland,South Dakota,North,D,Type2,2024-06-03,18,162.81,0.16,1863.68,1705.48,3.7,Completed
AIR1161,Elizabeth Powell,Whitemouth,Arkansas,East,C,Type2,2024-05-13,4,239.84,0.18,3647.55,2292.46,2.8,Completed
AIR1162,Paul Floyd,,Virginia,West,B,Type1,2026-04-19,3,990.97,0.17,2156.46,920.86,4.7,Cancelled
AIR1163,Ricardo Edwards,Jeffreymouth,Alabama,South,A,Type3,2023-10-02,19,354.26,0.14,5504.84,3326.1,1.2,Cancelled
AIR1164,Rebecca Garcia,Smithshire,South Carolina,East,D,Type1,2023-06-08,12,74.15,0.02,6932.08,718.85,1.4,Cancelled
AIR1165,Daniel Ballard,South Adamtown,Maine,North,A,Type1,2026-02-06,12,589.9,0.18,5926.03,2709.56,1.1,Completed
AIR1166,Cheryl Garrett,Lisaville,Missouri,East,B,Type3,2025-03-16,12,200.27,0.23,4980.16,2137.63,3.4,Cancelled
AIR1167,Timothy Morris,Ruthshire,Kansas,North,B,Type2,2025-09-08,3,899.48,0.14,6945.63,262.14,1.5,Cancelled
AIR1168,Brittany Jones,New Jenniferview,North Dakota,South,C,Type2,2025-01-22,3,361.07,0.09,8893.16,1692.75,4.4,Cancelled
AIR1169,John Rogers,East Haleyhaven,Texas,East,B,Type3,2025-08-11,12,622.16,0.04,6904.97,2338.92,3.2,Cancelled
AIR1170,Ronnie Fuentes,Mcguireside,Rhode Island,East,D,Type3,2024-01-29,16,853.0,0.1,6713.59,-321.87,1.7,Pending
AIR1171,Mr. Ronald Knight,Donnamouth,New Mexico,North,A,Type3,2026-05-14,11,984.25,0.28,9264.29,3904.91,3.7,Completed
AIR1172,David Price,Danielbury,Idaho,South,B,Type2,2023-10-10,7,958.81,0.11,9587.79,3481.49,3.8,Completed
AIR1173,Debra Lozano,Martinezmouth,Vermont,West,C,Type2,2023-06-24,14,121.24,0.22,2148.13,908.12,4.8,Completed
AIR1174,Natasha Collins,Valdezside,Delaware,East,B,Type3,2024-04-07,3,344.37,0.09,3351.54,855.34,1.6,Cancelled
AIR1175,Derek Vargas,Mcneilmouth,Minnesota,East,C,Type1,2024-02-22,13,646.63,0.04,217.14,1233.67,2.1,Completed
AIR1176,Ian Blake,Adambury,Wisconsin,East,D,Type1,2024-03-17,2,132.97,0.26,3613.91,3904.59,1.3,Cancelled
AIR1177,Jeffrey White,New Jakebury,Wyoming,West,A,Type3,2024-06-01,16,388.96,0.06,7269.94,4454.45,3.9,Cancelled
AIR1178,Mr. Jordan Tucker MD,Martinezborough,Iowa,North,D,Type1,2025-09-14,5,950.93,0.02,9758.11,453.63,4.9,Pending
AIR1179,Emily Moreno,Carterhaven,Oregon,North,C,Type3,2025-12-24,12,198.85,0.12,231.53,-465.12,1.8,Cancelled
AIR1180,Steven Barry,Lake Jeffrey,Rhode Island,East,B,Type3,2023-12-19,17,502.06,0.26,1241.38,3585.82,4.6,Cancelled
AIR1181,Justin Reilly,West Amychester,Hawaii,South,B,Type2,2024-01-09,13,59.05,0.03,5300.39,1906.41,4.1,Cancelled
AIR1182,Kenneth Payne Jr.,East Ashley,New Jersey,East,B,Type2,2023-11-17,8,643.55,0.05,1178.47,3099.08,1.6,Cancelled
AIR1183,Mr. Michael Chang,Port Hunterfurt,Kansas,North,C,Type3,2023-10-19,18,597.25,0.22,595.58,4306.21,3.7,Cancelled
AIR1184,John Williams,Lake Mark,South Carolina,South,D,Type3,2023-11-02,16,837.01,0.1,4492.36,4611.03,1.5,Completed
AIR1185,Mary Parker,Dariusborough,Maryland,South,A,Type2,2024-11-27,13,873.12,0.17,7216.72,1732.81,2.5,Cancelled
AIR1186,Alicia Heath,Jorgehaven,Georgia,West,D,Type3,2025-06-27,6,220.29,,3419.19,853.61,4.1,Completed
AIR1187,Sarah Boyer,Port Juliefort,Massachusetts,South,C,Type1,2023-08-14,15,860.66,0.29,2126.2,3898.81,4.7,Pending
AIR1188,Maria Payne,New Alexander,California,West,A,Type1,2026-05-15,13,980.21,0.26,3523.44,1576.24,3.9,Completed
AIR1189,Justin Woods,Margaretstad,New Jersey,South,A,Type2,2025-11-01,1,885.88,0.23,1390.64,39.36,1.9,Completed
AIR1190,Andrea Hawkins,Lake Michael,Arizona,East,C,Type3,2024-04-17,17,865.03,0.2,3616.08,3491.67,4.1,Pending
AIR1191,Ruth Thomas,Colefort,New York,North,C,Type3,2025-03-18,11,576.3,0.15,4983.21,3580.51,3.3,Cancelled
AIR1192,Kelly Hunt,Flemingshire,Illinois,South,B,Type3,2026-03-02,4,658.58,0.12,829.4,614.8,2.7,Cancelled
AIR1193,William Frederick Jr.,Samanthaton,Montana,North,C,Type2,2023-12-13,17,790.36,0.0,5531.16,-359.59,1.9,Pending
AIR1194,Brad Petersen,East Sharonside,Arizona,North,A,Type2,2025-11-01,16,186.45,0.2,5140.96,158.3,3.9,Completed
AIR1195,William Mitchell,Ricestad,Pennsylvania,North,C,Type2,2025-02-04,11,977.7,0.17,4168.15,1227.64,2.7,Cancelled
AIR1196,Jennifer Gonzales,East Michael,Idaho,East,B,Type3,2024-06-20,4,305.15,0.03,6256.49,1484.82,2.1,Completed
AIR1197,Jessica White,New Laurenmouth,South Dakota,East,C,Type2,2023-08-21,14,519.41,0.21,9345.05,4377.18,1.6,Pending
AIR1198,Nicole Schmitt,Mcguirechester,Wyoming,East,C,Type2,2025-09-02,2,552.69,0.16,3322.82,2319.96,3.5,Cancelled
AIR1199,Cassie Reese,West Alexa,Florida,North,D,Type3,2024-01-20,12,838.28,0.1,1416.21,4349.54,3.4,Cancelled
AIR1200,John Robinson,New Dalton,Washington,East,C,Type3,2024-02-12,5,471.04,0.07,7421.6,531.54,4.9,Cancelled
AIR1201,Roger Butler,Theresaville,Delaware,West,D,Type3,2025-10-19,12,420.3,0.19,2576.82,3769.81,3.9,Completed
AIR1202,Benjamin Rangel,East Ashley,South Dakota,North,D,Type1,2024-12-18,17,360.26,0.06,7273.02,3.82,3.1,Pending
AIR1203,Courtney Morrison,,South Carolina,West,B,Type3,2023-07-21,8,885.61,0.15,2843.5,4006.97,2.4,Cancelled
AIR1204,Christopher Davis,Ericksonton,Kansas,East,D,Type1,2023-06-23,9,853.11,0.22,1237.25,1553.57,3.9,Cancelled
AIR1205,Diane Wilson,Anthonyhaven,Nevada,South,A,Type1,2025-11-10,1,434.8,0.24,9998.54,3185.16,2.3,Pending
AIR1206,Rebecca Reyes,Port Patrickside,Mississippi,East,A,Type1,2024-07-24,1,421.49,0.13,5348.98,4683.82,2.1,Pending
AIR1207,Krista Mason,Jessicaport,California,South,A,Type2,2025-02-13,6,197.28,0.12,7461.35,3910.78,4.2,Cancelled
AIR1208,John Logan,Anthonyton,California,North,B,Type2,2023-05-28,6,508.18,,3978.89,650.44,2.1,Cancelled
AIR1209,Joshua Clark,East Robert,Massachusetts,West,A,Type1,2024-08-26,19,346.22,0.1,9088.27,3413.52,1.6,Pending
AIR1210,Danielle Thomas,New Amber,Missouri,West,D,Type2,2023-12-07,19,411.94,0.26,8288.93,1456.37,1.7,Cancelled
AIR1211,Brent Parker,Johnsonton,Maryland,West,B,Type3,2023-09-18,1,203.82,0.2,8317.16,3109.24,3.2,Completed
AIR1212,Jeffery Ward,East Loristad,Washington,South,B,Type2,2024-01-24,4,619.18,0.11,8001.27,-20.93,4.2,Pending
AIR1213,Diane Hunt,New Cynthia,Iowa,East,C,Type2,2025-11-30,4,441.72,0.05,5867.85,-454.31,1.9,Pending
AIR1214,James Wise,East Jennifer,Wisconsin,North,D,Type3,2024-07-20,16,907.39,0.29,4870.99,4625.07,3.4,Cancelled
AIR1215,Erin Woods,New Edward,Alaska,West,C,Type1,2026-05-04,15,431.94,0.29,6556.95,4695.6,1.1,Pending
AIR1216,Derrick Chambers,Port Maryfort,New Mexico,West,D,Type3,2023-10-16,17,790.49,0.07,2818.4,311.16,2.8,Cancelled
AIR1217,Martin Parker,Jasonfurt,Kansas,North,C,Type3,2026-04-12,14,598.82,0.08,5433.4,4668.4,1.5,Completed
AIR1218,Gabriel Davis,Lake Christinaport,Alabama,East,D,Type1,2025-12-31,11,899.79,0.09,6828.34,2624.71,4.9,Completed
AIR1219,Joseph Jones,Lake Ryanfurt,Indiana,East,C,Type3,2025-11-14,15,861.27,0.1,1007.6,2633.55,2.7,Pending
AIR1220,Elizabeth Jones,East Craig,Idaho,West,D,Type2,2025-04-15,16,865.47,0.09,7585.5,3536.24,1.7,Pending
AIR1221,Carol Miller,Stevenside,Hawaii,West,D,Type1,2026-02-26,18,978.41,,4784.87,3692.11,4.0,Pending
AIR1222,Cody Stevens,South Lawrenceton,Iowa,South,C,Type1,2025-09-29,1,117.3,0.23,9510.03,808.13,1.8,Pending
AIR1223,Christine Lee,Coopershire,Tennessee,North,D,Type1,2023-07-29,2,284.7,0.17,9500.81,3933.09,1.1,Pending
AIR1224,Zachary Williams,Patriciaberg,Illinois,East,C,Type3,2024-01-26,12,10.13,0.02,8447.87,3995.3,2.5,Completed
AIR1225,Joseph Riley,Phillipsview,South Dakota,East,D,Type1,2024-04-04,9,808.37,0.29,4302.09,520.69,3.5,Completed
AIR1226,Amanda Beard,Rodriguezport,New York,East,D,Type2,2023-09-17,5,699.56,0.1,7230.16,2973.77,2.2,Cancelled
AIR1227,Philip Lee,New Nicholasburgh,Indiana,East,D,Type2,2025-12-13,10,931.29,0.26,2301.05,3590.9,2.7,Pending
AIR1228,Eric Koch,South Dylan,California,South,D,Type3,2025-08-25,12,710.89,0.28,2959.14,2723.86,2.2,Cancelled
AIR1229,Heather Griffith,Lake Kennethland,Utah,West,D,Type1,2023-09-06,4,68.37,0.0,5815.25,1184.07,4.5,Cancelled
AIR1230,Olivia Williams,West Michaelburgh,Kansas,South,D,Type1,2024-01-26,6,224.72,0.29,7414.58,1054.7,2.0,Cancelled
AIR1231,Kathryn Cunningham,Allenbury,Minnesota,South,C,Type3,2025-12-09,17,101.89,0.11,4421.51,4855.32,1.5,Cancelled
AIR1232,Melanie Caldwell,,Ohio,South,A,Type1,2026-01-21,12,26.09,0.03,7907.94,4107.23,2.5,Cancelled
AIR1233,Alicia Scott,South Jonathanfort,Mississippi,North,B,Type3,2024-05-29,5,279.4,0.17,6405.19,943.41,2.3,Pending
AIR1234,Rachel Bond,West Johnstad,Ohio,South,C,Type3,2025-07-19,3,583.53,0.01,3233.69,3966.5,3.4,Pending
AIR1235,Mark Conner,New Mariachester,New York,North,A,Type3,2026-03-29,2,872.3,0.09,2874.81,1167.37,4.0,Cancelled
AIR1236,Shelby King,Lake Nathanland,Michigan,South,D,Type3,2024-07-08,15,667.13,0.25,7909.71,4708.14,4.4,Pending
AIR1237,Emily Avery,East Warrenfort,Maine,North,C,Type1,2025-09-08,11,192.95,0.24,3068.06,3934.1,3.6,Completed
AIR1238,Scott White,Camachoview,Washington,North,A,Type3,2025-04-16,3,486.15,0.29,2208.59,3963.4,5.0,Cancelled
AIR1239,Rachel Baker,Ericaview,Virginia,North,B,Type3,2026-01-08,10,237.18,0.01,7320.85,-238.34,3.4,Cancelled
AIR1240,Bonnie Smith,South Jared,Massachusetts,North,B,Type1,2024-12-10,3,600.4,0.17,741.1,,1.1,Cancelled
AIR1241,Kelly Thomas,North Beth,New Hampshire,North,C,Type2,2025-05-20,10,603.97,0.03,2196.27,3973.13,1.6,Completed
AIR1242,Gerald Beck,West Aliciaview,Michigan,South,B,Type3,2023-12-12,10,361.88,0.27,8500.23,1979.54,2.4,Cancelled
AIR1243,Jim Taylor,East Traceyview,New York,West,B,Type1,2024-02-29,1,175.06,0.01,5473.1,4648.95,2.3,Pending
AIR1244,Kayla Craig,Johnsonshire,Kansas,West,A,Type1,2026-02-04,9,720.32,0.28,5478.08,3295.24,2.2,Completed
AIR1245,Philip Parker,Mcphersonhaven,North Carolina,South,D,Type1,2026-05-06,17,306.31,0.09,8594.48,1344.97,3.6,Completed
AIR1246,Joseph Jones,East Robert,Pennsylvania,North,C,Type1,2024-02-14,7,929.47,0.2,8142.93,,2.1,Cancelled
AIR1247,Kevin Jackson,Lewiston,Oklahoma,North,C,Type2,2024-02-25,17,399.84,0.13,7878.51,4631.56,2.4,Completed
AIR1248,Laura Hopkins,Jamieton,Colorado,West,B,Type2,2025-09-14,7,17.69,0.18,3617.94,388.97,4.6,Pending
AIR1249,Michelle Burgess,New Isaiahside,Iowa,West,B,Type1,2024-01-11,19,544.58,0.13,2061.69,2550.69,4.8,Pending
AIR1250,Richard Black,East Josephport,Hawaii,North,C,Type3,2025-11-17,11,515.45,0.21,5506.0,1316.8,1.0,Pending
AIR1251,Daniel Holland,North Justin,New Jersey,West,C,Type3,2024-08-20,3,359.66,0.05,5593.63,4458.81,2.9,Completed
AIR1252,Taylor Gibbs,Dillonmouth,Colorado,West,B,Type3,2023-08-29,2,138.32,0.09,558.54,4947.93,2.6,Completed
AIR1253,Michael Hall,Bridgesside,Arizona,North,A,Type2,2024-04-11,13,681.43,0.07,4257.98,2543.01,3.0,Cancelled
AIR1254,Patrick Tate Jr.,,Alaska,West,C,Type2,2023-09-05,16,305.88,0.09,5419.39,-158.25,4.8,Pending
AIR1255,Emma King,Port Angelaside,Wisconsin,West,D,Type3,2024-09-14,16,54.59,0.05,4914.92,4838.55,3.9,Cancelled
AIR1256,Alexander Acosta,South Robin,Alabama,West,A,Type2,2024-08-23,4,915.52,0.18,9829.01,1880.02,4.8,Cancelled
AIR1257,Nina Ayers,Anthonyberg,South Dakota,East,A,Type2,2026-05-15,16,169.54,0.14,2198.16,1934.64,2.4,Cancelled
AIR1258,Randy Ramirez,North Marialand,Arkansas,South,A,Type2,2026-03-20,19,158.18,0.12,1658.5,1757.03,1.6,Completed
AIR1259,Benjamin Kline,North Bonniemouth,Florida,South,C,Type1,2024-02-11,7,154.2,0.26,8834.21,1181.21,3.6,Completed
AIR1260,David Santos,New Stevenport,Oklahoma,North,B,Type3,2026-02-20,1,249.08,0.18,9368.0,45.68,3.2,Pending
AIR1261,Cheryl Horton,Kimberlyland,West Virginia,West,C,Type1,2025-03-13,16,240.11,0.16,8618.91,4063.25,4.4,Pending
AIR1262,Carrie Sullivan,South Claire,Illinois,East,A,Type2,2024-10-12,14,147.36,0.2,9009.37,902.98,4.5,Pending
AIR1263,Christopher Green,Lake Jean,Florida,North,A,Type2,2026-02-08,6,765.95,0.19,5032.6,2054.82,2.6,Cancelled
AIR1264,Dean Williams,Billyfurt,Minnesota,South,C,Type2,2024-01-12,15,725.74,0.2,8875.43,701.3,4.4,Cancelled
AIR1265,Sonia Smith,Jenniferland,Missouri,South,A,Type1,2024-06-15,15,49.37,0.19,5022.31,-416.93,2.3,Cancelled
AIR1266,Molly Gonzalez,West Johnborough,Wisconsin,North,B,Type1,2024-06-22,11,132.67,0.08,3940.88,,1.8,Completed
AIR1267,Shannon Sanchez,Lindseybury,North Carolina,South,D,Type3,2024-08-18,9,795.89,0.21,1882.83,,2.8,Pending
AIR1268,Sherry Thomas,Harperstad,Indiana,West,C,Type1,2024-02-20,8,536.64,0.15,7658.93,1385.28,4.3,Completed
AIR1269,Jessica Phelps,New Barryfurt,Alaska,South,A,Type3,2023-12-08,16,217.71,0.23,5959.55,744.18,2.9,Cancelled
AIR1270,Reginald Brown,Guerreromouth,Utah,East,C,Type3,2025-06-21,19,792.19,0.1,3711.47,2766.78,2.9,Cancelled
AIR1271,Marcus Parrish,South Michaelview,Maryland,North,D,Type2,2025-12-30,17,744.72,0.16,388.39,4098.0,1.2,Cancelled
AIR1272,Kevin Bradford,North Joshua,Rhode Island,North,A,Type1,2025-06-07,7,729.39,0.22,6741.78,-145.78,1.4,Completed
AIR1273,Gregory Johnson DVM,Garciafurt,Wisconsin,East,C,Type1,2025-08-25,3,93.75,0.1,7044.43,207.62,2.8,Pending
AIR1274,Christopher Hutchinson,South Michelleburgh,Virginia,North,A,Type1,2026-02-02,16,755.88,0.21,870.01,2342.84,2.9,Cancelled
AIR1275,Michael Miller DVM,South William,Montana,East,B,Type3,2024-09-05,1,406.74,0.23,5758.39,831.75,1.4,Pending
AIR1276,Pamela Cole,Smithchester,Idaho,East,D,Type2,2024-11-24,18,224.29,0.16,3891.56,4199.2,1.3,Pending
AIR1277,Mary Abbott,North Tracymouth,Indiana,South,D,Type2,2023-08-04,15,467.02,0.06,6605.16,3123.77,3.4,Cancelled
AIR1278,John Carson,Matthewside,Colorado,South,C,Type3,2023-05-29,2,305.51,0.28,3584.73,3739.94,3.2,Pending
AIR1279,Mr. Martin Anderson,North Heather,Georgia,East,B,Type3,2023-12-06,6,872.96,0.14,7307.51,4069.72,3.9,Pending
AIR1280,Christina Brown,New Royburgh,Pennsylvania,West,D,Type3,2024-10-16,15,521.03,0.26,1399.99,-382.06,3.8,Cancelled
AIR1281,Brittany Fowler,Woodsbury,Louisiana,East,A,Type1,2025-12-07,13,700.54,,2742.59,4519.78,2.1,Cancelled
AIR1282,Ann Anderson,North Eric,Colorado,West,A,Type2,2025-04-08,13,94.88,0.02,6612.76,4522.17,3.7,Cancelled
AIR1283,William Cuevas,Perryhaven,Iowa,South,C,Type2,2025-10-08,5,322.56,0.13,8135.07,-422.71,3.3,Completed
AIR1284,Sara Hernandez,West Jamesmouth,Nebraska,East,D,Type3,2024-07-11,6,688.02,0.12,7686.7,-306.93,1.0,Pending
AIR1285,Alyssa Lawson,New Pamelaside,Minnesota,South,B,Type3,2026-04-30,18,287.67,0.14,4546.55,398.22,2.7,Completed
AIR1286,Alexander Zavala,,California,East,C,Type1,2024-03-09,17,579.13,0.06,3091.04,4838.4,3.8,Completed
AIR1287,Ashley Garrett,Lake Sharonchester,Rhode Island,South,A,Type1,2025-12-13,15,285.56,0.28,4246.64,2537.53,4.6,Pending
AIR1288,Xavier Williams,West Debra,Indiana,West,A,Type2,2026-02-23,2,261.82,0.05,4507.16,1922.43,1.5,Cancelled
AIR1289,Jill Boyd,Lake Lindsay,Mississippi,South,A,Type2,2026-02-08,5,226.93,0.04,1242.55,4443.71,1.9,Pending
AIR1290,Lori French,North Saramouth,Vermont,East,D,Type2,2025-07-08,4,236.79,0.08,2174.28,3598.63,4.0,Pending
AIR1291,Nicole Hunter,Port Seanfurt,Tennessee,North,C,Type1,2024-02-14,2,749.8,0.02,2233.88,-230.8,1.4,Pending
AIR1292,Brittany Ruiz,East Debbieshire,Indiana,North,A,Type2,2023-06-08,7,44.89,0.12,2784.77,4625.36,1.1,Pending
AIR1293,Victoria Meyers,Kingview,Texas,East,C,Type2,2026-03-29,17,255.84,0.07,5051.04,4264.58,2.3,Completed
AIR1294,Emily Williams,Ericland,Washington,South,A,Type1,2024-04-16,17,910.29,0.14,2517.25,1797.83,2.3,Pending
AIR1295,Ricky Garcia,Lake Patrickport,Vermont,East,B,Type3,2026-05-08,8,329.27,0.17,8834.88,,2.9,Pending
AIR1296,Julie Petersen,North Brian,Arizona,East,C,Type1,2025-11-22,12,385.39,0.15,9163.23,3727.94,2.0,Cancelled
AIR1297,Michael Vance,Port Zachary,Kansas,West,C,Type1,2024-06-21,11,791.18,0.27,9866.7,-102.33,1.0,Completed
AIR1298,David Perry,New Henry,New Jersey,South,C,Type1,2024-04-29,16,707.85,0.27,1739.38,,4.7,Cancelled
AIR1299,Stacy Smith,Tonymouth,Wisconsin,North,A,Type3,2023-10-29,18,35.72,0.18,7273.76,-258.58,4.9,Completed
AIR1300,Tiffany Romero,South Susan,Pennsylvania,North,B,Type3,2026-01-19,5,115.42,0.16,8818.22,2618.58,5.0,Pending
AIR1301,David Terry MD,Edwardsberg,Colorado,South,D,Type3,2026-03-09,6,435.11,0.12,728.26,1553.66,4.9,Completed
AIR1302,Carlos Reed,Robinsonfort,Connecticut,South,C,Type3,2025-06-22,6,504.76,0.21,8237.15,4196.64,4.3,Completed
AIR1303,Kaylee Johnson,Webbstad,Texas,South,A,Type3,2024-12-18,19,174.28,0.06,5931.99,2637.37,3.3,Pending
AIR1304,Barbara Waller,Baileyview,Wyoming,North,B,Type3,2025-11-29,15,257.25,0.08,3090.1,3154.89,3.1,Pending
AIR1305,Juan Villegas,Ashleyshire,Oklahoma,South,C,Type2,2026-01-14,5,784.59,0.17,5898.53,436.93,1.2,Cancelled
AIR1306,Connor Harris,West Christina,Washington,North,B,Type3,2026-03-18,8,394.7,0.18,5420.22,3986.57,4.5,Pending
AIR1307,Nicole Mahoney,Thomashaven,Pennsylvania,North,B,Type2,2023-12-31,11,793.47,0.22,7609.46,4553.65,1.9,Completed
AIR1308,Kevin Mayo,Port James,South Carolina,South,A,Type2,2023-11-11,1,749.2,0.29,2082.31,3607.87,4.0,Cancelled
AIR1309,Gregory Mckenzie,,Missouri,West,C,Type3,2023-09-23,15,379.41,0.01,2181.9,-98.34,3.8,Cancelled
AIR1310,Dylan Baker,East Brandy,Nevada,West,C,Type1,2023-12-27,3,841.63,0.19,946.77,,4.0,Completed
AIR1311,Nathan Ortiz,South Robertview,North Dakota,North,A,Type2,2026-02-20,8,620.53,0.15,5891.53,3511.44,1.5,Completed
AIR1312,Lauren Bradshaw,Lake Diana,Idaho,North,B,Type1,2023-10-18,16,38.8,0.12,7287.24,545.72,2.8,Pending
AIR1313,Michele Taylor PhD,South Mitchellshire,New Hampshire,West,A,Type2,2025-05-27,2,204.09,0.03,5009.22,539.9,3.8,Pending
AIR1314,Jeremiah Huber,New Roberto,Connecticut,South,B,Type2,2025-06-23,15,214.22,0.21,5526.48,4332.82,1.1,Cancelled
AIR1315,Sean King,Port Michaelhaven,Colorado,East,A,Type1,2025-07-21,10,19.19,0.22,3078.31,208.95,2.7,Pending
AIR1316,Heather Grant,New Lisahaven,Colorado,East,C,Type1,2025-02-09,12,701.36,0.05,4556.93,-383.29,2.3,Pending
AIR1317,Jeffrey Robbins,Simonstad,Rhode Island,East,C,Type1,2025-10-29,7,721.68,0.21,8658.64,931.38,4.2,Completed
AIR1318,Victoria Davis,Charlesborough,South Dakota,East,C,Type3,2023-12-31,2,818.45,0.01,8615.4,2012.05,3.1,Cancelled
AIR1319,Nicholas Miller,Davisfort,Pennsylvania,East,C,Type2,2024-07-29,12,489.92,0.05,8294.66,2274.96,3.3,Pending
AIR1320,Ruth Johnson,North Jason,Iowa,North,B,Type2,2024-12-17,16,339.43,0.06,1319.22,3101.12,1.3,Pending
AIR1321,Gregory Fowler,Danielside,Pennsylvania,East,C,Type2,2026-05-20,19,671.54,0.29,9734.59,,1.7,Cancelled
AIR1322,Kenneth Smith,Hawkinsside,South Dakota,North,A,Type3,2024-03-15,13,755.13,0.17,920.38,4111.35,4.0,Pending
AIR1323,Morgan Johnson,Lewisbury,South Carolina,North,D,Type3,2023-12-08,10,779.17,0.15,9700.77,4207.27,3.0,Pending
AIR1324,Calvin Garcia,East Kristen,Virginia,West,A,Type3,2026-05-03,15,524.57,0.29,6927.61,-71.21,1.6,Pending
AIR1325,Emily Ramos,East Charlesport,Pennsylvania,West,D,Type1,2024-01-13,18,268.67,0.05,8990.4,-338.59,1.0,Cancelled
AIR1326,Wendy Carter,Jacobbury,Utah,North,D,Type1,2026-01-13,6,100.79,0.29,7229.87,2068.68,2.4,Cancelled
AIR1327,Connie Dunn,,Hawaii,East,C,Type2,2023-07-16,9,504.0,0.07,7875.91,949.79,2.3,Pending
AIR1328,Brenda Huerta,Lisaborough,Maine,South,C,Type3,2026-04-28,2,333.98,0.2,9134.93,3977.31,2.5,Cancelled
AIR1329,Laura Buckley,West Kari,Maryland,West,B,Type1,2024-12-25,16,930.47,0.23,9223.1,4299.48,1.1,Completed
AIR1330,Rachel Castillo PhD,Alexisville,New Jersey,West,D,Type2,2024-02-17,2,982.04,0.0,2692.68,2067.3,4.7,Cancelled
AIR1331,Joy Harrell,North Gregoryshire,Iowa,South,A,Type2,2026-01-26,13,29.4,0.22,9996.64,3060.71,2.6,Cancelled
AIR1332,Harold Nichols,North Jasmine,Arizona,East,A,Type3,2023-08-10,8,922.58,0.15,5856.4,778.04,4.0,Cancelled
AIR1333,Keith Martinez,Port Zacharychester,Kansas,East,A,Type3,2023-08-09,5,503.58,0.16,9113.56,2680.58,1.8,Cancelled
AIR1334,Jeffery Davis,Paulport,Alabama,South,A,Type1,2024-02-03,5,711.42,0.09,3191.74,3254.55,1.1,Pending
AIR1335,Eric Ford,Phillipland,Maine,West,D,Type3,2026-05-23,18,188.86,0.27,3775.71,1517.5,3.9,Pending
AIR1336,John Morton,West Kevin,Maryland,West,A,Type1,2025-07-05,5,873.57,0.06,2573.42,2930.72,4.6,Completed
AIR1337,Kathleen Brown,Austinside,Delaware,West,B,Type3,2024-10-03,18,157.53,0.11,8898.01,-306.7,3.3,Completed
AIR1338,Brenda Lowe,Crystalfort,Maine,North,B,Type2,2025-06-08,19,743.51,0.01,6774.71,3826.78,1.7,Pending
AIR1339,Henry Cantrell,Joshuaport,Tennessee,East,A,Type1,2024-09-08,19,755.02,0.13,626.01,2552.27,3.8,Completed
AIR1340,Caroline Miller,Port Rebeccachester,Kansas,North,B,Type1,2026-03-06,19,42.4,0.27,3242.4,-225.06,4.8,Pending
AIR1341,Jennifer Underwood,South Jamesfurt,Tennessee,North,B,Type2,2024-08-07,3,591.89,0.07,1132.47,2007.82,4.9,Completed
AIR1342,Andrew Miller,Cooperchester,Rhode Island,North,C,Type2,2024-09-12,17,647.25,0.24,4044.32,2814.08,3.1,Completed
AIR1343,David Campbell,Gilmoremouth,New Mexico,North,B,Type3,2024-08-18,6,770.2,0.01,8661.02,-70.02,4.4,Pending
AIR1344,Lisa Barker,Deanshire,Illinois,North,B,Type1,2023-12-31,8,665.09,0.25,4258.41,4919.88,4.0,Completed
AIR1345,Dalton Glover,Port Laceymouth,Alabama,South,D,Type3,2026-02-21,10,62.19,0.09,530.65,3585.21,2.5,Completed
AIR1346,Jason Johnson,Port Davidmouth,Mississippi,West,A,Type3,2026-05-09,5,485.26,0.02,3315.53,924.19,2.6,Completed
AIR1347,Anna Simpson,Floydfort,California,East,C,Type3,2023-08-22,9,824.52,0.1,7198.88,3896.06,2.6,Cancelled
AIR1348,Patricia Krause,Lake Martha,Ohio,North,C,Type3,2025-08-30,19,603.92,0.17,4832.3,3699.39,1.2,Completed
AIR1349,Shelby Anderson,Port Danielleberg,Colorado,South,A,Type1,2023-12-25,17,160.69,0.28,7447.0,765.7,3.6,Cancelled
AIR1350,Renee Cross,West Alicestad,Utah,East,D,Type1,2025-10-26,1,178.32,0.1,7471.85,3840.79,3.2,Pending
AIR1351,Joseph West,South Isaiah,Wisconsin,West,B,Type2,2024-10-08,3,319.82,0.11,8112.07,-49.73,4.0,Cancelled
AIR1352,Vincent Marquez,Anthonystad,Kansas,East,A,Type2,2026-05-04,13,516.03,0.21,8007.9,3227.62,2.3,Pending
AIR1353,Margaret Rodriguez,,Minnesota,East,D,Type2,2024-06-04,16,336.33,0.01,6763.11,2918.24,1.2,Completed
AIR1354,Robert Lewis,New Darren,Alaska,West,C,Type1,2025-12-18,14,200.02,,5900.95,4749.51,3.2,Pending
AIR1355,Megan Vega,Kathystad,Washington,East,A,Type1,2025-06-16,2,614.71,0.01,952.71,3011.12,4.3,Pending
AIR1356,Benjamin Cunningham,East Gregory,Washington,South,C,Type1,2025-04-18,16,822.29,0.28,1982.0,1419.36,4.3,Cancelled
AIR1357,Patrick Russell,East Alice,Connecticut,East,A,Type1,2024-04-22,5,617.24,0.3,8584.12,2407.02,4.2,Pending
AIR1358,Taylor Garcia,Lake Michelleberg,South Dakota,South,A,Type1,2023-11-21,8,157.29,0.22,8363.78,4903.96,3.2,Pending
AIR1359,Connie King,Port Johnmouth,Nebraska,West,A,Type2,2024-03-08,5,51.56,0.13,5384.74,267.88,3.9,Completed
AIR1360,Shannon Tanner,Maytown,Texas,East,C,Type3,2026-01-31,7,595.47,0.05,8073.17,3183.52,1.5,Completed
AIR1361,Sydney Miller,Masonberg,Utah,South,D,Type1,2025-12-20,1,978.9,0.01,2904.9,3587.45,1.8,Cancelled
AIR1362,Karen Petersen,Watkinsside,Florida,North,D,Type2,2025-07-03,16,197.34,0.25,332.01,3882.68,4.9,Pending
AIR1363,Robert Burke,Grantburgh,Louisiana,West,B,Type3,2025-05-02,9,612.39,0.23,3872.96,4287.88,2.7,Completed
AIR1364,Brian Diaz,Amandabury,Louisiana,West,D,Type2,2023-12-05,10,477.09,0.28,8530.65,3135.59,2.6,Cancelled
AIR1365,Juan White,West Josephville,Connecticut,North,A,Type3,2024-02-19,14,835.58,0.08,560.97,2306.95,1.3,Cancelled
AIR1366,Mitchell Vaughan,West Martin,Missouri,North,A,Type1,2025-12-14,10,68.66,0.12,1127.37,,2.8,Pending
AIR1367,Christopher Jefferson,West Michael,Missouri,East,D,Type1,2025-03-17,7,443.23,0.27,3658.08,1134.08,3.6,Pending
AIR1368,Abigail Sullivan,Jenniferburgh,Tennessee,South,B,Type2,2024-07-11,12,306.98,0.11,3569.01,4544.83,4.0,Completed
AIR1369,Garrett Phelps,South Jessicabury,Nevada,West,D,Type3,2025-05-15,17,251.71,0.08,5318.68,,2.5,Pending
AIR1370,Raymond Bates,East Lydiafurt,Wyoming,South,A,Type2,2023-07-25,2,742.87,0.18,5213.06,4172.5,4.8,Completed
AIR1371,Joann Mclean,East Troy,Wisconsin,East,B,Type1,2025-07-26,17,211.5,0.14,466.71,2308.82,2.8,Cancelled
AIR1372,Randy Turner,Perkinsfurt,New Mexico,West,A,Type3,2024-09-09,9,369.5,0.06,5489.74,165.98,2.9,Pending
AIR1373,Abigail Ayala,Morenotown,South Dakota,East,C,Type2,2025-05-16,2,893.2,0.26,1262.73,3380.03,3.6,Cancelled
AIR1374,Kathryn Mcclain,Gutierrezmouth,Colorado,West,B,Type3,2026-02-03,2,772.04,0.19,7080.89,2754.88,1.5,Cancelled
AIR1375,Kimberly Coleman,East Kennethberg,Washington,South,C,Type1,2023-07-20,17,680.59,0.08,9423.78,28.56,3.7,Pending
AIR1376,Adam Hunter,Justinfurt,Colorado,South,C,Type3,2026-05-20,10,373.43,0.19,9963.69,-417.46,2.5,Cancelled
AIR1377,Adam Kim,East Alexis,Alaska,West,A,Type2,2024-04-12,19,664.21,0.29,4490.03,170.05,1.1,Cancelled
AIR1378,Michele Price,East Ryanstad,Minnesota,South,B,Type3,2024-06-07,7,168.25,0.05,6515.53,3131.51,4.1,Cancelled
AIR1379,Christine Odom,West Seanside,Minnesota,East,C,Type2,2025-04-16,17,625.34,,5386.26,2100.64,4.8,Cancelled
AIR1380,Ashley Smith,Jerrystad,Rhode Island,South,C,Type1,2025-04-24,15,226.1,0.3,1853.79,-28.8,3.3,Cancelled
AIR1381,Kimberly Davenport,West Angelaview,New Mexico,East,D,Type3,2025-07-28,6,174.02,0.15,4792.93,,2.5,Pending
AIR1382,Christine Peterson,Alishaview,Pennsylvania,North,D,Type1,2025-11-23,15,738.98,0.23,9434.41,1835.0,3.8,Cancelled
AIR1383,Eric Roberts,Brownfurt,New Mexico,North,B,Type2,2025-11-21,13,818.5,0.21,5228.68,3065.44,4.6,Completed
AIR1384,Shawn Gray,Julietown,Michigan,North,A,Type2,2025-06-24,14,846.57,0.15,8047.31,3794.0,2.3,Cancelled
AIR1385,Edwin Davis,Calhounhaven,Texas,North,B,Type2,2024-02-09,1,79.39,0.13,5856.9,-368.64,3.2,Completed
AIR1386,Sandra Johnson,Hartmanborough,Montana,North,A,Type2,2023-12-01,11,139.08,0.2,4937.07,-194.64,2.0,Pending
AIR1387,Michael Andrews,Justinchester,Florida,South,B,Type1,2026-02-25,13,901.8,0.18,785.7,3618.14,3.6,Pending
AIR1388,Micheal Miller,Port Tammystad,New Hampshire,East,A,Type1,2025-12-14,9,395.51,0.14,9423.43,-211.67,4.2,Pending
AIR1389,Rachel Fleming,Port Carrie,Iowa,South,B,Type3,2024-08-27,8,729.51,0.04,1429.33,2578.26,1.9,Pending
AIR1390,Casey Medina,Petersonport,Alaska,North,A,Type2,2023-07-15,13,343.88,0.23,7301.0,3900.4,3.2,Cancelled
AIR1391,Dr. Fernando Adams MD,Lake Alexanderside,Maine,North,B,Type3,2026-04-20,9,217.2,0.24,3056.24,-171.12,1.7,Pending
AIR1392,Cynthia Quinn,Johnstonport,Utah,South,C,Type3,2025-07-09,8,948.61,0.1,3194.67,3253.58,2.9,Pending
AIR1393,Amanda Wheeler,South Kimberlyhaven,Virginia,West,B,Type3,2024-11-29,6,223.39,0.09,5196.51,114.03,3.7,Pending
AIR1394,David Bowman,West Yolanda,Oregon,West,C,Type1,2025-03-17,11,625.32,0.14,4705.6,3382.17,1.1,Cancelled
AIR1395,Jennifer Rios,New Melissa,Texas,West,D,Type1,2023-09-27,17,342.77,0.11,951.81,3860.21,4.0,Completed
AIR1396,Taylor Woods,Lutzstad,Texas,North,D,Type3,2025-06-24,7,927.81,0.23,1712.61,97.8,2.4,Pending
AIR1397,Mark Huang,Ginaview,New Hampshire,West,D,Type3,2024-11-25,8,817.07,0.29,9269.08,4348.95,3.2,Cancelled
AIR1398,Alexandra Burns,North Christinebury,Pennsylvania,West,B,Type1,2024-06-02,10,267.7,0.03,4324.88,3587.0,2.9,Completed
AIR1399,Jennifer Charles,Port Molly,North Carolina,South,A,Type1,2024-05-24,4,416.54,0.04,3902.27,1367.2,4.1,Pending
AIR1400,Tony Blake,Mcguireton,Montana,East,B,Type3,2025-01-31,3,544.73,0.11,5151.06,-348.51,4.0,Cancelled
AIR1401,Tristan Anderson,Sharonland,Texas,East,D,Type1,2024-11-30,8,49.84,0.14,2385.45,269.07,1.0,Cancelled
AIR1402,Tammy Walters,Brycefort,Michigan,West,B,Type2,2024-01-09,5,316.98,0.08,995.61,1651.42,1.6,Cancelled
AIR1403,Julia Daugherty,West Marcus,Texas,West,A,Type2,2023-07-30,14,662.56,,8981.56,2368.73,2.0,Completed
AIR1404,Stephanie Malone,Paulmouth,Georgia,East,C,Type3,2024-03-06,10,75.69,0.22,1457.47,3658.72,3.1,Cancelled
AIR1405,Kim Little,New Stephen,Florida,East,B,Type1,2024-04-09,17,311.54,0.26,6366.04,3187.9,2.2,Completed
AIR1406,Sherry Garcia,Crystalside,Oklahoma,North,C,Type2,2026-02-19,10,660.33,,7024.03,4695.03,1.5,Cancelled
AIR1407,Jerry Mcdonald,Cohenville,Georgia,North,C,Type3,2023-06-26,19,241.9,0.27,187.97,2856.96,1.3,Cancelled
AIR1408,Lisa Hernandez,Johnsonview,Nevada,South,A,Type3,2023-11-09,5,235.57,0.27,7380.42,2075.21,2.5,Cancelled
AIR1409,Katherine Rowland,Paulstad,Michigan,East,D,Type2,2025-03-30,2,209.29,0.28,9836.42,2379.38,2.6,Pending
AIR1410,Anthony Price,Kevinborough,Iowa,East,A,Type2,2025-12-21,1,803.79,0.0,8497.07,532.25,3.7,Completed
AIR1411,Alexander Kirk DVM,Jasonstad,West Virginia,South,A,Type3,2024-12-28,17,771.13,0.14,4036.74,3360.93,1.6,Cancelled
AIR1412,Carrie Porter,Christineburgh,Minnesota,North,C,Type3,2026-05-27,18,726.7,0.21,242.64,1750.96,2.5,Completed
AIR1413,Jason Schwartz,North John,Arkansas,West,D,Type3,2025-11-09,19,823.8,0.23,9105.44,4118.57,2.3,Completed
AIR1414,Micheal Meyer,Phillipbury,Florida,South,A,Type3,2024-08-25,6,139.1,0.07,8333.27,898.76,2.9,Pending
AIR1415,Kara Lynch,Hamptonbury,California,West,B,Type3,2024-08-21,17,679.73,0.18,9401.77,2573.29,4.3,Pending
AIR1416,Maurice Jackson,Brendastad,Pennsylvania,East,A,Type2,2025-02-02,15,493.41,0.14,9844.99,905.45,2.3,Cancelled
AIR1417,Mark Vaughn,New Joann,Missouri,South,C,Type1,2025-06-09,15,316.28,,2362.92,3143.16,5.0,Cancelled
AIR1418,Shari Li,West Dana,Texas,North,C,Type2,2025-04-15,17,385.04,0.22,2811.88,4022.54,4.8,Completed
AIR1419,Ricardo Henderson,Port Donna,Ohio,East,C,Type1,2023-07-16,7,512.41,0.14,3933.72,1774.65,1.9,Pending
AIR1420,Charles Scott,Silvafurt,Alaska,North,C,Type2,2025-06-17,19,415.54,0.01,946.08,1342.75,3.1,Pending
AIR1421,Yesenia Williams,New Tammy,Oklahoma,East,D,Type1,2024-09-21,17,158.69,0.19,9636.92,4457.81,4.7,Pending
AIR1422,Mary Aguilar,South Alexandraland,Utah,West,C,Type3,2024-10-05,11,577.68,0.3,7490.3,2060.41,3.9,Pending
AIR1423,Gabriel Torres,Marquezchester,New Hampshire,North,B,Type2,2025-06-22,4,56.16,0.24,557.0,661.47,4.5,Pending
AIR1424,Allen Davis,North Martinport,South Dakota,South,B,Type2,2024-04-06,6,242.81,0.07,6847.34,536.25,4.2,Pending
AIR1425,Robert Arnold,South Lydiaview,Louisiana,West,D,Type2,2025-04-26,7,770.92,0.21,1435.79,573.7,3.5,Completed
AIR1426,Daniel Holmes,South Deborahland,Indiana,West,A,Type3,2024-11-25,9,300.59,0.12,7867.14,1189.18,3.6,Completed
AIR1427,Dwayne Holland,Davidton,Florida,North,A,Type3,2024-02-27,4,938.94,0.09,6622.78,209.32,2.0,Pending
AIR1428,Emily Harmon,Karenstad,Kansas,West,D,Type2,2025-12-25,14,839.13,0.12,5603.89,3310.95,1.7,Completed
AIR1429,Daniel Walker,New Colleen,Massachusetts,North,C,Type2,2024-08-02,14,389.82,0.2,3418.47,2115.08,3.3,Cancelled
AIR1430,Paige Guzman,Lake Jose,West Virginia,West,A,Type3,2023-08-10,19,900.46,0.21,7031.71,3291.31,1.3,Cancelled
AIR1431,Desiree Holloway,Garyland,Delaware,East,B,Type1,2025-03-12,16,178.74,0.02,2950.9,1236.7,2.0,Cancelled
AIR1432,Courtney Miller,West Wendy,Pennsylvania,North,B,Type1,2024-09-10,10,206.48,0.22,316.58,1798.02,3.4,Pending
AIR1433,Brett Roy,Port Grant,Minnesota,South,C,Type2,2024-03-23,5,839.47,0.26,9163.41,2494.17,1.4,Completed
AIR1434,Anthony Martin,East Jennifer,Iowa,West,B,Type2,2024-04-06,9,825.43,0.21,1201.43,1942.95,3.5,Pending
AIR1435,Austin Humphrey,Wallberg,North Dakota,South,B,Type3,2023-06-27,9,749.81,0.12,7838.0,-48.23,3.1,Pending
AIR1436,Justin Wade,Port Elizabethtown,Colorado,South,B,Type2,2024-08-23,13,791.63,0.26,3775.24,713.21,1.6,Pending
AIR1437,Matthew Taylor,Calebmouth,California,West,D,Type2,2025-08-06,16,566.47,0.14,4608.74,2395.77,3.0,Completed
AIR1438,Craig Nelson,Lake Garyberg,New Jersey,East,C,Type1,2026-04-20,2,86.09,0.19,2605.1,4579.62,3.9,Completed
AIR1439,Victoria Hull,New Nicoleport,Kansas,North,A,Type2,2023-06-02,14,895.23,0.06,1459.76,1091.8,3.3,Cancelled
AIR1440,Ashley Davis,Floresfort,North Dakota,East,D,Type1,2025-08-31,5,140.0,0.0,575.32,2186.78,4.5,Cancelled
AIR1441,Jody Webb,Hopkinshaven,North Dakota,East,C,Type1,2024-08-23,9,179.78,0.19,260.16,680.75,4.8,Completed
AIR1442,Richard Vance,Fieldsland,Kansas,East,A,Type3,2025-03-09,2,794.79,0.06,5843.84,1758.86,2.5,Completed
AIR1443,Kayla Peterson,South Misty,New Mexico,North,A,Type3,2024-01-13,10,60.69,0.02,8974.18,100.44,2.0,Completed
AIR1444,Amy Henderson,New Taylor,Minnesota,West,A,Type2,2025-05-04,3,496.05,0.06,2351.02,1279.12,2.6,Pending
AIR1445,Adam Novak,Baileystad,Texas,South,D,Type1,2026-01-04,8,274.51,0.22,867.89,229.05,2.8,Completed
AIR1446,Jesse Carter,Carrollshire,Illinois,South,C,Type2,2024-02-16,10,346.36,,5344.19,267.56,1.7,Cancelled
AIR1447,Kathryn Bowen,Tuckertown,Nevada,South,D,Type1,2025-08-27,4,394.48,0.19,5035.07,74.45,4.0,Completed
AIR1448,David Campbell,Lake Mary,Illinois,North,C,Type1,2023-12-29,13,182.21,0.21,7357.14,3528.85,4.7,Pending
AIR1449,Philip Garza,Lake Melaniemouth,Nevada,West,B,Type3,2025-02-02,2,806.97,0.07,2049.4,1947.32,2.9,Cancelled
AIR1450,Christopher Wright,Laurenhaven,New Jersey,North,C,Type1,2024-08-19,18,292.73,0.18,8633.16,368.48,1.2,Completed
AIR1451,Carl Jensen,Shannonstad,North Dakota,South,C,Type2,2025-08-27,9,414.72,0.08,766.99,4687.67,4.9,Cancelled
AIR1452,Paul Howard,North Larryhaven,Arizona,South,C,Type2,2025-05-07,2,84.56,0.21,5261.55,2467.81,2.4,Pending
AIR1453,Victoria Ramos PhD,South Victoriamouth,Rhode Island,East,B,Type1,2025-03-04,16,106.54,0.07,6476.51,2470.23,1.9,Cancelled
AIR1454,Danielle Wood,Stevenland,Louisiana,South,D,Type1,2024-06-13,16,600.21,0.14,2427.63,2420.85,2.5,Pending
AIR1455,Anthony Jackson,Gainesmouth,North Dakota,East,D,Type1,2024-08-15,10,429.4,0.08,621.2,1621.12,2.8,Cancelled
AIR1456,Kathleen Young,Tracyfurt,Colorado,South,A,Type2,2024-10-25,5,494.3,0.3,993.07,286.43,2.2,Pending
AIR1457,Daisy Mathis,Williamshire,Indiana,West,B,Type3,2024-03-17,16,603.06,0.2,8813.4,1730.53,2.7,Cancelled
AIR1458,David Sanders,Port Laura,North Carolina,North,B,Type2,2024-12-02,9,854.9,,107.07,2097.59,4.7,Completed
AIR1459,Tammy Smith,Davidshire,Virginia,East,C,Type1,2024-08-25,7,243.89,0.28,2768.28,3854.39,3.5,Completed
AIR1460,John Hernandez,Kristinview,Rhode Island,West,D,Type3,2025-05-01,18,52.84,0.21,9794.76,3520.65,2.3,Cancelled
AIR1461,Jonathan Franklin,North Scott,Louisiana,South,A,Type2,2025-07-25,10,501.78,0.17,3853.87,3404.58,1.0,Cancelled
AIR1462,Julia Simmons,West Nicole,Virginia,East,C,Type3,2024-03-01,5,573.93,0.1,1300.37,1190.76,3.4,Pending
AIR1463,William Hart,,South Carolina,East,A,Type2,2023-09-23,13,53.37,0.13,661.68,,2.6,Completed
AIR1464,Daisy Baker,,Arizona,East,D,Type3,2024-09-26,5,140.43,0.2,9378.73,2999.51,2.9,Cancelled
AIR1465,Deborah Arias,Cainside,New Jersey,West,B,Type3,2024-09-21,16,877.69,0.06,8813.7,-315.52,4.5,Pending
AIR1466,William Perkins,West Nicolebury,Oregon,South,A,Type3,2023-06-25,14,23.16,0.13,940.78,2968.83,2.8,Completed
AIR1467,Jason Campbell,Clementsberg,Utah,East,A,Type1,2023-08-29,13,798.69,0.2,5915.36,3258.05,1.6,Completed
AIR1468,Sherry Hernandez,Lake Bradley,Virginia,West,D,Type2,2025-10-27,13,702.85,0.16,6249.6,4243.03,3.2,Pending
AIR1469,Jeffrey Johnson,South Robertfort,Hawaii,East,B,Type1,2023-06-28,4,954.9,,7035.98,4273.7,3.8,Completed
AIR1470,John Abbott,Williamsonland,Massachusetts,West,C,Type2,2025-07-15,8,235.63,0.09,1489.8,1353.12,2.2,Cancelled
AIR1471,Mrs. Mary Alvarado,Cooperberg,South Dakota,East,C,Type1,2026-04-19,15,225.56,0.28,1859.81,-300.89,2.0,Completed
AIR1472,Emily Stafford,South Brian,Pennsylvania,West,D,Type3,2025-04-02,17,539.14,0.21,9402.28,1767.89,2.5,Completed
AIR1473,Barbara Snyder,Saraland,South Carolina,East,B,Type3,2026-03-27,17,489.49,0.1,6367.69,2948.16,2.6,Pending
AIR1474,John Rodriguez,Alexastad,Connecticut,North,D,Type1,2025-10-01,13,661.2,0.04,3586.67,1853.08,1.7,Cancelled
AIR1475,Michael Miller,East Jasonbury,Michigan,South,D,Type3,2025-08-08,4,689.55,0.09,8552.11,1389.74,3.5,Cancelled
AIR1476,Amanda Sanders,East Saraville,Delaware,North,D,Type2,2026-03-30,1,65.11,0.07,5314.57,1941.01,4.1,Pending
AIR1477,Dawn Thomas,Lake Mark,Alaska,North,D,Type1,2024-10-03,14,598.29,0.27,1192.36,2796.97,3.5,Completed
AIR1478,Stephanie Mcfarland,Lake Shane,Connecticut,North,B,Type2,2024-11-22,11,687.62,0.15,7642.57,3694.18,3.0,Pending
AIR1479,Daniel Jones,Shahshire,Louisiana,North,A,Type3,2026-04-18,7,411.97,0.2,8438.79,-422.44,3.3,Completed
AIR1480,Andrew Montgomery,West Markmouth,New York,East,B,Type2,2024-08-13,11,893.72,0.02,575.91,2932.7,3.1,Completed
AIR1481,Jack Lambert,Lake Dawnchester,Wisconsin,South,D,Type3,2026-01-04,3,464.02,0.28,1243.99,192.59,2.9,Completed
AIR1482,Samuel Giles,Port Erika,Wyoming,South,B,Type3,2023-11-01,18,776.84,0.27,2330.8,,1.1,Completed
AIR1483,Alicia Chavez MD,Melissaland,Rhode Island,North,D,Type2,2024-04-17,4,106.18,0.15,1532.24,2551.43,3.2,Completed
AIR1484,Robert Burgess,North Melissa,California,North,B,Type2,2025-07-21,10,942.87,0.28,7092.7,1688.04,1.3,Pending
AIR1485,Brian Brown,Williamsstad,Missouri,East,B,Type2,2024-10-22,12,489.84,0.16,1000.32,3925.72,3.2,Cancelled
AIR1486,Gregory Mitchell,Lake Chadborough,Kansas,East,D,Type1,2024-06-11,2,196.62,0.26,1045.92,3524.75,3.0,Cancelled
AIR1487,Scott Williams,Smithport,Hawaii,North,C,Type3,2023-08-20,16,116.1,0.19,9963.06,4537.66,4.4,Cancelled
AIR1488,Gerald Welch,Erinside,Kentucky,South,C,Type3,2023-08-28,5,501.99,0.09,5488.67,3486.39,2.6,Cancelled
AIR1489,Jesus Stevens,North Oscarview,Delaware,South,D,Type3,2026-01-03,6,199.62,0.22,3936.83,448.01,4.8,Pending
AIR1490,Whitney Trevino,Port Tiffanyberg,New York,West,A,Type3,2026-04-18,6,245.38,0.09,3458.5,4292.4,2.8,Pending
AIR1491,John Wilson,New Timothy,Illinois,West,A,Type3,2024-08-23,2,59.47,0.1,4637.72,19.41,4.8,Pending
AIR1492,Kevin Zhang,Abbottview,Hawaii,West,A,Type2,2024-04-07,18,925.31,0.23,2687.9,3914.75,1.6,Cancelled
AIR1493,Ashley Garcia,South Davidshire,Vermont,North,B,Type3,2024-03-20,6,401.97,0.17,9305.14,4671.04,4.5,Cancelled
AIR1494,Emily Haney,Port Russell,Iowa,South,A,Type3,2025-01-02,2,806.11,0.17,9351.99,4728.27,4.1,Cancelled
AIR1495,Brittany Campbell,Port Kim,Virginia,South,C,Type3,2026-01-01,14,800.94,0.13,9644.63,,2.0,Pending
AIR1496,Jackie Bowen,Jacobville,Wisconsin,South,B,Type2,2025-10-13,4,757.43,0.08,9141.49,4480.86,5.0,Pending
AIR1497,Richard Becker,North Wendy,Nebraska,South,C,Type3,2024-06-25,16,811.66,0.2,9339.77,4803.84,2.0,Completed
AIR1498,Melissa Saunders,Port Kimberlyfort,Colorado,East,B,Type3,2026-01-18,7,33.27,0.3,4518.54,3760.68,3.0,Completed
AIR1499,Laura Cole,Tylershire,Alabama,North,B,Type3,2024-11-30,19,716.1,0.05,2857.0,1496.42,3.9,Pending
AIR1500,Ronald Cook,Joshuafurt,Washington,North,C,Type1,2024-06-17,17,796.88,0.04,3613.52,1163.85,1.0,Pending
AIR1501,Ashley Newman,West Traciefort,Georgia,South,B,Type1,2023-08-22,8,390.78,0.11,7637.6,865.78,2.4,Completed
AIR1502,Thomas Craig,East Nancy,Georgia,East,D,Type1,2024-01-12,19,520.04,0.2,1444.06,2058.91,3.3,Completed
AIR1503,Alexander Smith,Port Justin,Indiana,South,B,Type3,2025-01-13,13,821.01,0.23,145.11,3174.32,3.4,Cancelled
AIR1504,Timothy Richardson,Port Pamela,Michigan,South,B,Type1,2023-06-26,6,925.19,0.14,7122.61,-261.28,4.1,Cancelled
AIR1505,Heather Brooks,Townsendport,Pennsylvania,East,A,Type3,2024-03-25,9,425.2,0.0,5189.78,3305.75,3.2,Completed
AIR1506,Tiffany Harrell,Fernandezmouth,Washington,East,C,Type3,2025-12-14,17,338.21,0.11,7418.19,1296.29,5.0,Completed
AIR1507,Drew Alvarez,East Michael,Michigan,East,D,Type1,2025-11-27,2,201.6,0.27,6372.97,1423.03,3.6,Cancelled
AIR1508,Kirk Zamora,Marksland,Kentucky,East,C,Type1,2024-11-11,5,235.19,0.13,1664.65,749.59,3.6,Pending
AIR1509,Mr. Evan Franco,Gonzalezmouth,Hawaii,West,D,Type3,2025-01-30,7,324.55,0.02,6553.83,231.73,2.8,Pending
AIR1510,Rhonda Chase,Sanderstown,Utah,North,A,Type1,2026-03-29,9,37.39,0.04,9750.47,3253.41,2.8,Cancelled
AIR1511,Peter Ward,New Lisahaven,North Dakota,South,C,Type2,2024-03-23,7,832.38,0.18,5913.24,294.86,3.0,Completed
AIR1512,Michael Burke,,Vermont,North,A,Type2,2025-07-20,8,868.92,0.12,2134.57,2937.99,4.8,Pending
AIR1513,Emily Miller DDS,Scottburgh,Maine,West,B,Type1,2024-04-04,18,115.16,0.01,1891.35,4307.08,3.3,Completed
AIR1514,Nicholas Gamble,North Ronald,Vermont,West,D,Type1,2025-10-30,2,826.55,0.25,1950.41,4135.48,1.2,Pending
AIR1515,Kari Evans,Westchester,North Dakota,North,C,Type2,2024-12-27,7,622.74,,7064.23,1488.01,3.6,Completed
AIR1516,Jennifer Brown,Huntershire,Georgia,North,C,Type3,2026-02-09,17,298.33,0.24,8171.47,3543.51,1.7,Cancelled
AIR1517,Danielle Smith,East Timothy,Mississippi,North,D,Type2,2025-03-25,16,184.26,0.25,1653.68,2759.14,2.7,Pending
AIR1518,Cynthia Anderson,West Matthewton,Minnesota,South,D,Type1,2024-02-08,16,853.05,0.05,9812.73,589.78,1.4,Completed
AIR1519,Maria Brewer,Solisburgh,Maryland,South,A,Type2,2024-12-24,4,855.3,0.27,6674.04,,1.6,Completed
AIR1520,Patricia Daugherty,Debrastad,Connecticut,East,D,Type3,2026-01-18,14,509.0,0.11,3821.26,2198.89,4.0,Cancelled
AIR1521,Christopher Thornton,,Montana,West,C,Type3,2026-05-06,12,952.48,0.06,3077.14,4590.73,2.5,Cancelled
AIR1522,Jordan Riley,Davisstad,Alaska,North,A,Type2,2024-06-20,9,586.01,0.11,7504.69,2959.09,1.2,Completed
AIR1523,Stephen Nelson,North Sherylborough,Oregon,West,B,Type2,2024-07-24,5,478.23,0.29,5282.74,,3.9,Pending
AIR1524,Kristina Salas,New Michaelton,Oklahoma,South,B,Type2,2023-12-04,1,193.2,0.27,3618.79,3053.26,1.0,Cancelled
AIR1525,Shaun Ellis,Gordonstad,New Jersey,North,C,Type2,2024-11-25,17,167.47,0.29,1287.46,332.75,4.2,Pending
AIR1526,Diane Taylor,New Josephfort,Ohio,North,D,Type3,2023-10-29,1,231.52,0.0,6130.34,184.23,3.2,Cancelled
AIR1527,Brian Jennings,East Sarahfurt,Pennsylvania,East,B,Type1,2023-06-21,9,909.14,0.07,4921.78,4838.86,4.4,Pending
AIR1528,Richard Schmidt,North Jacqueline,Pennsylvania,North,B,Type2,2026-03-18,16,242.45,0.22,7195.63,4104.68,2.1,Cancelled
AIR1529,Heather Cook,Lake Jamesside,New Jersey,East,C,Type2,2026-01-07,13,908.18,0.24,9832.39,2520.94,1.7,Pending
AIR1530,William Bishop,Westton,Maryland,South,C,Type2,2025-09-22,5,758.99,0.16,4555.81,2068.02,1.3,Completed
AIR1531,Dean Carter,Lake Elizabeth,New Mexico,South,B,Type1,2024-08-21,7,520.52,0.1,9722.04,1378.93,3.8,Cancelled
AIR1532,Mark Mcbride,Port Kari,Massachusetts,West,B,Type2,2024-02-25,9,393.02,0.1,508.18,2437.52,4.6,Completed
AIR1533,Rose Hunt,Shawfort,New Hampshire,East,C,Type1,2025-09-26,8,212.92,0.16,5813.19,4765.52,3.8,Cancelled
AIR1534,Derrick Hernandez,Youngton,Utah,West,A,Type2,2025-02-14,4,648.09,0.0,8290.6,-138.96,3.4,Cancelled
AIR1535,Daniel Nelson,Markville,Hawaii,East,D,Type3,2025-05-18,14,973.71,0.21,2123.45,2724.96,1.0,Completed
AIR1536,Todd Johnson,East Emily,Kentucky,East,C,Type3,2024-07-05,4,887.78,0.17,5212.5,4727.4,2.4,Pending
AIR1537,Kelly Walker,Kevinville,North Carolina,East,B,Type2,2025-03-27,4,299.05,0.15,8201.45,,4.8,Completed
AIR1538,Dale Harrison,East Danabury,Illinois,East,B,Type1,2025-12-01,8,984.85,0.06,5004.89,3826.53,3.2,Cancelled
AIR1539,Diana Lopez,Robinsonhaven,New Mexico,North,B,Type2,2026-01-07,2,800.46,,5896.58,3038.52,2.1,Pending
AIR1540,Joshua Willis,Kellyfort,Wisconsin,West,D,Type1,2025-02-09,1,678.38,0.03,722.53,4611.33,1.5,Cancelled
AIR1541,Christopher Evans,West Larrybury,Missouri,South,A,Type1,2025-04-19,16,113.19,0.27,8709.41,4628.2,2.6,Completed
AIR1542,Christopher Carrillo,West David,Massachusetts,South,D,Type2,2025-05-12,18,790.87,0.26,175.91,2346.12,1.6,Completed
AIR1543,Erik Miles,Chapmanhaven,California,North,B,Type3,2025-11-21,4,116.77,0.17,5166.09,3603.88,4.8,Completed
AIR1544,Elizabeth Patel,South Emilybury,Washington,North,D,Type3,2024-08-24,9,503.45,0.08,4798.79,4934.37,4.4,Cancelled
AIR1545,Andrew Perez,Oliverfort,Indiana,West,B,Type3,2023-08-20,14,782.42,0.23,940.79,1967.72,2.9,Pending
AIR1546,Angel Gross,Carlsonview,Arizona,East,B,Type3,2023-09-20,17,134.83,0.04,2374.76,1468.46,5.0,Cancelled
AIR1547,Grace Pope,Lake Roymouth,South Dakota,East,B,Type2,2024-07-08,7,898.52,0.24,7294.49,104.88,1.6,Completed
AIR1548,Sandra Duncan DVM,Joshuaton,Connecticut,West,A,Type2,2026-02-03,17,915.95,0.24,8978.86,3170.39,1.6,Cancelled
AIR1549,Jerry Smith,Watkinsbury,Connecticut,West,B,Type1,2024-07-25,5,630.99,0.09,1763.63,271.83,1.6,Cancelled
AIR1550,Tristan Lyons,Lake Johnborough,Ohio,East,C,Type2,2024-10-31,1,725.0,0.15,9599.6,2541.19,1.6,Cancelled
AIR1551,Patricia Robbins,Port Brandon,Louisiana,West,D,Type1,2023-11-06,15,430.43,0.18,1873.17,-168.13,3.0,Completed
AIR1552,Dana Miller,Munozville,Oregon,North,D,Type1,2023-11-24,9,363.1,0.06,6191.01,4971.51,4.1,Pending
AIR1553,Justin Eaton,Jaredstad,Virginia,East,C,Type1,2023-08-14,9,780.52,0.1,6549.81,3142.54,3.6,Pending
AIR1554,Kimberly Rush,North Paulton,Tennessee,North,C,Type1,2025-05-20,19,168.87,0.18,6766.57,-196.71,2.7,Cancelled
AIR1555,James Adams,Port Angela,Tennessee,West,C,Type1,2023-10-29,1,569.65,0.17,7614.73,3443.62,1.1,Completed
AIR1556,Lauren Simmons,East Paulchester,Connecticut,West,C,Type2,2023-08-25,16,506.27,0.13,5606.85,2849.65,2.4,Pending
AIR1557,Austin Reilly,Lake David,Alabama,East,D,Type3,2023-09-10,7,747.57,0.07,371.31,,2.1,Completed
AIR1558,Robert Reed,Port Erik,Oklahoma,East,A,Type1,2025-03-31,4,850.25,0.16,5344.84,3967.11,1.9,Cancelled
AIR1559,Stephanie Reese,East Joshuaburgh,Delaware,North,B,Type2,2025-04-10,3,648.31,0.11,8346.7,3381.2,2.6,Pending
AIR1560,Lori Callahan,Robbinsbury,Florida,West,A,Type2,2023-11-10,5,933.59,0.06,5807.6,434.58,3.8,Pending
AIR1561,Kristen James,Katherinetown,Arkansas,South,D,Type2,2026-01-13,16,439.66,0.09,1652.56,969.46,4.0,Completed
AIR1562,Ashley Ponce,South Jacobville,Florida,West,D,Type1,2023-12-30,11,844.51,0.07,2135.37,527.27,1.8,Pending
AIR1563,Mary Solis,North Douglas,North Dakota,East,C,Type1,2025-05-06,2,196.3,0.11,5010.42,3401.58,3.5,Pending
AIR1564,Tammy Vazquez,Lake Rachel,Wisconsin,South,B,Type1,2023-10-19,2,13.98,0.29,1306.49,1709.94,2.3,Cancelled
AIR1565,Daniel Hernandez,East Roberta,Louisiana,North,D,Type3,2024-03-13,14,634.06,0.28,1374.92,-152.23,1.9,Completed
AIR1566,Casey Terry,West Josephville,Alaska,South,C,Type1,2025-10-07,7,186.17,0.2,5798.72,2176.94,5.0,Cancelled
AIR1567,Jodi Rodriguez,West Rebeccaburgh,Idaho,West,A,Type2,2024-11-03,13,977.74,0.22,9533.19,1967.52,1.3,Cancelled
AIR1568,Michele Anderson,Kennethhaven,Oregon,North,B,Type3,2025-05-30,17,73.01,0.12,2508.51,2594.19,4.4,Cancelled
AIR1569,Danielle Osborne,Amymouth,Virginia,North,D,Type2,2024-09-29,17,563.52,0.23,4726.14,4524.47,2.6,Pending
AIR1570,Steven Vasquez,North Donnafort,Nevada,West,C,Type1,2025-10-11,14,870.87,0.25,3299.61,3946.69,4.8,Cancelled
AIR1571,Mary Hart,Johnland,Maryland,North,C,Type2,2024-03-28,7,594.99,0.24,7371.73,3674.28,1.8,Cancelled
AIR1572,Laurie Brown,Port Theresa,Alabama,East,C,Type3,2025-05-02,12,493.22,0.06,5402.28,634.14,5.0,Completed
AIR1573,Lauren Kelly,Griffinview,Wisconsin,West,B,Type3,2025-10-28,4,505.97,0.25,6013.1,4489.42,4.0,Pending
AIR1574,Larry Garrison,New Davidland,Missouri,South,D,Type1,2025-04-29,13,163.82,0.24,5366.09,1519.4,3.3,Pending
AIR1575,Kathryn Vasquez,Lake Rebeccaton,Utah,South,D,Type3,2024-04-26,10,439.31,0.21,8139.6,1929.01,4.0,Pending
AIR1576,Ana Day,Rhondatown,Colorado,South,A,Type3,2023-08-20,13,936.42,0.25,1889.92,-316.34,3.9,Completed
AIR1577,Catherine Lawson,Mendezberg,Delaware,East,C,Type2,2024-08-11,5,44.81,0.25,8525.7,3082.69,2.4,Pending
AIR1578,Brandy Martin,Port Melissa,Arkansas,East,A,Type2,2025-01-30,15,654.63,0.17,1282.29,4686.81,4.7,Pending
AIR1579,Jeffrey Brown,South Haley,New Hampshire,South,A,Type3,2025-01-18,2,652.43,0.2,6081.42,923.91,4.8,Pending
AIR1580,Samantha Larson,Kevinton,Arkansas,North,C,Type1,2025-05-20,2,926.47,0.1,5005.93,712.72,2.1,Pending
AIR1581,William Brooks,Lorifurt,Minnesota,West,A,Type1,2024-11-29,15,123.17,0.03,3949.56,565.98,2.0,Completed
AIR1582,Sheila Baker,Wandaburgh,Alabama,East,B,Type3,2024-09-22,13,702.01,0.16,5333.83,1189.25,4.4,Pending
AIR1583,Emily Osborn,North Erik,Montana,North,D,Type3,2025-10-20,1,842.88,0.16,2679.47,3594.15,2.2,Cancelled
AIR1584,James Murphy,West Edgar,Pennsylvania,West,C,Type3,2023-12-12,7,119.49,0.24,4074.83,4134.01,4.7,Pending
AIR1585,Chris Hernandez,Lake Christinefurt,Montana,East,C,Type3,2024-12-24,3,281.36,0.06,454.52,3527.03,3.6,Completed
AIR1586,Clayton Sullivan,South John,Pennsylvania,East,D,Type1,2024-06-05,17,570.11,0.25,9974.73,1198.96,4.9,Pending
AIR1587,James Trevino,Lake Dianaburgh,New Hampshire,North,D,Type3,2026-04-21,3,17.2,0.24,995.21,3096.44,4.3,Pending
AIR1588,Joseph Cross,,Oregon,North,B,Type2,2024-02-14,9,110.69,0.22,8305.09,2820.99,4.4,Cancelled
AIR1589,Claire Jones,Thompsonfort,New Mexico,East,A,Type1,2024-05-03,15,57.79,0.05,3608.31,2194.34,1.3,Cancelled
AIR1590,Mark Johnson,Wesleystad,Idaho,East,A,Type3,2025-06-12,3,12.63,0.1,7382.47,2353.97,3.0,Pending
AIR1591,Jennifer Hunter,East Masonside,Kansas,North,C,Type3,2024-09-21,1,583.18,0.13,3485.35,2389.02,2.6,Cancelled
AIR1592,Jonathan Rodriguez,Danielberg,North Carolina,North,C,Type3,2024-01-12,18,523.03,0.0,9486.04,500.67,4.1,Completed
AIR1593,John Perez,New Deniseport,Ohio,East,A,Type1,2025-05-18,15,479.2,0.06,1558.98,4603.14,2.3,Completed
AIR1594,Brendan Smith,Andrewmouth,Arkansas,South,A,Type2,2024-10-22,2,971.49,0.2,3605.12,3180.46,3.7,Cancelled
AIR1595,Michael Collins,Port Wandashire,Montana,North,C,Type1,2024-03-08,15,555.96,0.17,9792.09,4430.31,3.8,Cancelled
AIR1596,Joshua Moore,Teresachester,Rhode Island,East,D,Type2,2026-05-10,14,951.42,0.28,1757.97,1183.67,2.2,Cancelled
AIR1597,Whitney Silva,Smithton,Oklahoma,South,A,Type1,2026-03-30,16,604.06,0.05,5543.61,1765.0,3.3,Cancelled
AIR1598,Jason Turner,Spencerhaven,Idaho,North,B,Type1,2023-08-18,12,640.14,0.16,416.33,1379.96,3.8,Completed
AIR1599,Justin Rhodes,East Debbie,South Dakota,West,B,Type2,2025-04-21,5,119.7,0.01,8858.31,4176.58,3.6,Pending
AIR1600,Alexandra Ray,,Nevada,West,A,Type2,2025-04-17,16,426.69,0.17,2627.63,2739.32,2.3,Completed
AIR1601,Kaitlyn Osborn,Port Stacy,Missouri,North,D,Type1,2025-08-21,16,844.98,0.03,4168.96,778.58,2.1,Completed
AIR1602,Sheila Thompson,Johntown,Michigan,North,A,Type1,2024-10-28,14,848.42,0.03,3998.83,2296.47,2.2,Completed
AIR1603,Sarah Welch,Webbland,Kentucky,West,D,Type3,2025-03-14,15,834.74,0.13,2398.61,2542.17,1.2,Completed
AIR1604,Matthew Austin,Lake Michael,Nevada,West,B,Type3,2024-10-05,17,628.81,0.1,6998.99,4206.36,3.6,Pending
AIR1605,Kaitlyn Yates,Brookeview,Nevada,East,C,Type2,2023-05-31,19,464.94,0.14,5527.66,955.89,3.9,Pending
AIR1606,Oscar Robinson,East Oliviaton,Wyoming,North,B,Type2,2024-01-25,14,708.42,0.01,2452.7,979.55,1.2,Cancelled
AIR1607,Emily Lee,North Jill,Ohio,South,C,Type1,2025-03-13,11,362.62,0.02,9057.06,286.8,4.9,Completed
AIR1608,Rebecca Kelly,New Christopher,Virginia,North,C,Type1,2024-06-08,10,314.78,0.02,4199.74,271.73,4.1,Cancelled
AIR1609,Crystal Massey,Andersonburgh,Iowa,North,B,Type2,2024-11-05,2,784.67,0.04,4821.21,61.29,3.8,Completed
AIR1610,Carla Miller,South Vincentport,Delaware,West,D,Type3,2024-04-03,18,326.7,0.13,4704.52,-364.82,4.3,Cancelled
AIR1611,Cindy Washington,Port Crystal,New Mexico,North,A,Type2,2025-02-24,1,173.99,0.13,780.67,724.41,4.5,Completed
AIR1612,Jennifer Jones,Port Kelsey,Idaho,West,A,Type2,2023-09-08,14,975.77,0.1,917.22,918.2,2.2,Pending
AIR1613,Robert Walker,North Phillipton,South Carolina,North,C,Type2,2025-03-09,11,522.55,0.03,8148.6,2634.47,2.9,Pending
AIR1614,Antonio Curry,New Ashley,Oregon,East,C,Type1,2024-07-15,18,289.35,0.26,8039.41,946.94,3.6,Pending
AIR1615,Mrs. Sarah Johnson MD,,Maine,West,C,Type2,2024-09-26,3,454.25,0.19,7452.44,4590.79,4.5,Completed
AIR1616,Benjamin Parker,Huberborough,Louisiana,East,A,Type3,2024-12-29,12,169.1,0.19,8098.03,-250.73,3.9,Completed
AIR1617,Kevin Leonard,Rodriguezburgh,Kansas,North,B,Type2,2023-10-03,9,295.26,0.09,2665.18,1841.91,3.6,Pending
AIR1618,David Carroll,West Brookeborough,Kansas,West,C,Type3,2024-02-24,6,447.75,0.27,9406.14,452.88,3.2,Completed
AIR1619,Elizabeth Klein,Port Benjaminshire,Pennsylvania,West,A,Type3,2024-10-07,6,198.76,0.09,557.07,-255.47,2.3,Cancelled
AIR1620,Andrea Porter,North Ruth,Georgia,North,B,Type2,2024-03-19,15,695.94,0.2,5508.55,1599.67,3.9,Cancelled
AIR1621,Amy Blake,Millsfurt,Alabama,West,A,Type1,2025-12-28,11,148.38,0.28,5628.72,3200.55,2.8,Cancelled
AIR1622,Brenda Pratt,Webbberg,Maine,East,D,Type1,2024-09-10,10,868.19,,4490.42,4478.66,1.4,Pending
AIR1623,Dr. Bradley Mann,East Brandonfurt,Vermont,West,C,Type3,2025-03-26,15,705.63,0.06,7178.67,-319.65,4.2,Pending
AIR1624,Brittany Gomez,Derekbury,California,West,C,Type2,2023-08-14,4,533.72,0.26,3279.22,3934.77,3.7,Cancelled
AIR1625,Michael Cannon,Lake Thomas,Wyoming,North,D,Type3,2024-06-19,16,827.32,0.21,3423.43,331.85,3.0,Cancelled
AIR1626,Kirsten Brown,Edwardsstad,Alaska,West,C,Type1,2026-04-26,16,63.33,0.02,911.28,1577.28,4.5,Completed
AIR1627,Ryan Calderon,West Molly,Montana,West,D,Type1,2024-07-13,1,691.48,0.05,9946.62,3062.68,3.9,Pending
AIR1628,James Smith,Lopezfort,Kentucky,West,B,Type3,2025-11-24,8,194.42,0.15,6444.83,1040.72,3.3,Cancelled
AIR1629,Lindsay Thompson,,Pennsylvania,East,D,Type2,2025-09-07,19,293.05,0.15,5383.59,4504.77,4.1,Completed
AIR1630,Charles Powell,West Joshuamouth,North Dakota,North,C,Type3,2024-11-13,16,404.37,0.24,883.77,2452.79,4.5,Pending
AIR1631,Julie Morales,Lake Virginiaburgh,Nevada,West,A,Type2,2026-03-12,12,532.99,0.13,2918.08,2936.77,3.4,Cancelled
AIR1632,Brett Gibson,West Tammie,North Carolina,South,B,Type2,2024-09-01,18,759.41,0.22,5654.93,501.74,4.5,Pending
AIR1633,Bridget Martin,New Antonioland,Vermont,North,D,Type3,2023-09-08,9,224.03,0.3,7303.93,1945.87,3.7,Cancelled
AIR1634,Dylan Lee,Tommyland,Pennsylvania,South,A,Type1,2025-07-30,4,580.79,0.29,5739.78,-491.28,3.3,Cancelled
AIR1635,Yvette Hernandez,Jillland,Michigan,East,C,Type3,2024-03-29,12,274.55,0.16,9640.31,2271.67,2.8,Pending
AIR1636,Amanda Shaw,New Nicholashaven,Mississippi,South,D,Type2,2026-01-29,2,161.19,0.23,2669.43,2225.57,1.6,Completed
AIR1637,Chad Townsend,Andersonfort,Virginia,East,A,Type3,2024-11-06,16,914.84,0.1,8362.56,1642.27,1.1,Completed
AIR1638,Michele Mccullough,Sabrinaland,New Hampshire,West,B,Type2,2024-10-08,14,474.98,0.23,7183.72,2767.67,1.9,Pending
AIR1639,Charlene Reeves,Rodriguezborough,Idaho,East,B,Type2,2023-12-26,5,199.79,0.19,706.92,3621.4,1.8,Pending
AIR1640,Dustin Rodriguez,North Jacob,Virginia,North,D,Type1,2024-08-10,5,826.37,0.13,3579.77,-197.34,1.9,Completed
AIR1641,Heather Jones,Faithland,Florida,North,A,Type2,2025-11-18,5,325.58,0.14,9981.21,1009.29,2.4,Completed
AIR1642,Sarah Simpson,Georgetown,Washington,East,B,Type2,2026-02-27,9,138.85,0.13,1542.89,329.27,2.8,Completed
AIR1643,Nathan Henderson,Davidside,Iowa,East,C,Type3,2025-07-22,6,70.69,0.2,1516.61,946.42,4.3,Pending
AIR1644,Deborah Alvarez,Randyshire,Hawaii,North,A,Type1,2024-03-09,19,341.12,0.21,5844.33,379.68,2.5,Cancelled
AIR1645,Danielle Todd,Clarkfort,California,East,D,Type1,2023-08-12,13,850.77,0.15,7665.7,3912.08,1.9,Completed
AIR1646,Sherry Hughes,Port Carriefort,Wyoming,North,B,Type1,2023-10-18,4,437.41,0.26,371.25,-176.06,5.0,Pending
AIR1647,Jordan Blair,Rogersburgh,Indiana,West,A,Type2,2025-03-03,6,182.39,0.28,2683.55,186.17,5.0,Completed
AIR1648,Zachary Bates DDS,East Karenfurt,Michigan,East,B,Type1,2023-11-24,18,304.46,0.2,4660.41,2812.37,4.1,Completed
AIR1649,Stephanie Lopez,Harrisport,Georgia,North,A,Type3,2026-04-22,4,129.24,0.06,6857.92,4964.34,2.5,Cancelled
AIR1650,Melissa Holmes,North April,New Hampshire,North,B,Type3,2023-07-19,5,682.2,0.05,3288.01,4560.9,2.6,Pending
AIR1651,Kimberly Duncan,North Donaldchester,Florida,North,C,Type2,2024-05-25,10,185.67,0.3,5316.19,2882.19,1.7,Pending
AIR1652,Kenneth Smith,South Edwardfort,Hawaii,North,A,Type1,2024-09-01,19,449.12,0.16,4164.4,1693.48,2.1,Pending
AIR1653,Mark Barajas,West Carla,Iowa,West,B,Type2,2024-10-09,7,44.7,0.2,5267.24,1628.01,3.7,Pending
AIR1654,Lisa Reed,Glenchester,Wisconsin,West,D,Type1,2024-09-28,6,658.59,0.15,6810.88,4262.63,3.3,Pending
AIR1655,Tabitha Bailey,Beckerton,Texas,West,C,Type2,2025-07-12,17,306.85,0.2,6978.14,-312.3,2.8,Cancelled
AIR1656,Robert Wilson,Robertsside,Massachusetts,South,A,Type1,2023-05-28,5,188.88,0.14,2038.23,1092.6,3.5,Cancelled
AIR1657,Alyssa Olson,Ewingshire,West Virginia,East,D,Type3,2024-07-03,17,704.86,0.26,3828.07,275.58,2.9,Pending
AIR1658,Angela Mckenzie,South Jamieport,Alaska,North,B,Type2,2025-11-17,18,471.51,0.08,2860.22,622.64,4.8,Completed
AIR1659,James Mitchell,Leechester,Nevada,East,C,Type2,2023-05-31,15,696.32,0.3,3605.43,-63.59,4.4,Completed
AIR1660,Christopher Wilson,West Michael,Texas,North,C,Type1,2025-04-07,16,455.6,0.19,3599.17,920.25,4.0,Pending
AIR1661,Kirsten Krueger,East Tanyahaven,Mississippi,East,B,Type3,2023-12-16,9,170.97,0.03,509.08,827.27,1.4,Completed
AIR1662,Samantha Harris,Hallport,Pennsylvania,West,C,Type3,2023-10-25,3,592.53,0.14,8306.14,930.09,2.9,Completed
AIR1663,Bryan Ford,East Randystad,Kentucky,West,A,Type2,2025-01-19,8,888.22,0.12,4226.12,734.49,3.5,Completed
AIR1664,Brandi Brown,West Richardchester,Ohio,West,C,Type3,2024-06-11,10,793.56,0.28,9010.91,737.02,1.4,Cancelled
AIR1665,Brian Schultz,Reginaldfort,Maryland,East,C,Type1,2026-01-16,16,414.24,0.09,6595.47,3995.01,4.6,Cancelled
AIR1666,Rebecca Shea,Halehaven,Minnesota,West,D,Type3,2025-11-15,12,845.06,0.14,9212.08,3516.0,1.9,Cancelled
AIR1667,Sean Moreno,North Cathy,South Carolina,North,B,Type3,2025-03-28,2,43.54,0.22,9279.28,3268.87,1.0,Pending
AIR1668,Melissa Garcia,South Melissaside,Mississippi,West,B,Type3,2023-11-27,8,770.02,0.03,421.61,810.67,2.7,Cancelled
AIR1669,Marcus Johnson,Mariahshire,North Dakota,East,C,Type2,2023-08-24,10,701.15,0.06,4549.99,2792.64,1.5,Cancelled
AIR1670,Sheila Jackson,Johnsonhaven,Oklahoma,East,A,Type1,2024-10-23,3,726.29,0.2,2410.01,3618.78,3.9,Cancelled
AIR1671,Spencer Bryant,North Jenniferton,Iowa,North,C,Type1,2023-10-30,9,146.68,0.03,3379.14,657.32,4.4,Cancelled
AIR1672,Shelly Villegas,East Danielborough,New Jersey,South,C,Type1,2025-02-24,14,18.38,0.09,1719.95,1796.92,2.7,Pending
AIR1673,Mr. Craig Schwartz,Campbellland,Nevada,South,B,Type2,2024-01-08,4,321.27,0.12,405.07,2650.09,4.9,Pending
AIR1674,Denise Singh,Greeneland,Indiana,North,B,Type2,2024-08-09,7,315.46,0.07,3736.32,880.26,3.1,Pending
AIR1675,Jackie James,Port Stacy,Vermont,South,B,Type3,2025-01-28,11,595.91,0.1,7607.41,3512.3,3.1,Cancelled
AIR1676,James Holmes,Heatherborough,New Hampshire,East,D,Type3,2024-02-01,5,335.52,0.07,9202.71,2690.48,4.1,Completed
AIR1677,Brittany Bell,East Sara,Kansas,South,D,Type2,2026-05-23,15,183.34,0.23,5453.66,1179.38,1.7,Completed
AIR1678,Lee Kim,Port Brandon,Iowa,West,A,Type2,2023-08-27,7,954.97,0.07,1232.37,1494.13,1.8,Cancelled
AIR1679,Whitney Velasquez,Jameston,California,South,B,Type2,2024-11-08,2,659.28,0.24,4402.63,1510.53,4.3,Cancelled
AIR1680,John Young,Tylerberg,Kentucky,West,C,Type1,2025-05-15,14,332.55,0.07,7110.44,2083.99,1.2,Pending
AIR1681,Deanna Robinson,Carlsonland,Pennsylvania,East,C,Type1,2026-04-11,4,586.08,0.02,4570.26,2493.03,2.1,Cancelled
AIR1682,Jose Torres,Austinhaven,Alaska,West,C,Type1,2024-11-17,6,556.29,0.27,2238.1,2132.64,3.4,Pending
AIR1683,Carl Reeves,Michealfort,North Dakota,North,C,Type1,2026-02-05,8,804.97,0.22,7459.74,,3.5,Cancelled
AIR1684,Jordan Murray,North Michaelbury,New Hampshire,South,C,Type3,2026-04-02,19,750.18,,7993.76,3159.2,3.6,Pending
AIR1685,Trevor Hart,East Jamieshire,Kansas,East,C,Type2,2025-05-27,17,219.6,0.09,7537.78,71.9,4.7,Cancelled
AIR1686,Kayla Mclaughlin,Port James,Florida,West,B,Type3,2025-10-20,10,498.15,0.07,5633.54,421.13,1.5,Pending
AIR1687,Monica Powell,Jacksonburgh,New Hampshire,North,B,Type1,2024-10-24,2,365.45,0.22,6358.46,3101.77,2.6,Cancelled
AIR1688,Patricia Dalton,Reginaldville,Maine,North,A,Type3,2025-05-02,9,207.18,0.0,6725.95,1964.48,1.9,Completed
AIR1689,Mark Griffin,South Rhondastad,South Dakota,North,C,Type3,2025-02-16,16,826.38,0.29,9225.62,2636.94,4.3,Cancelled
AIR1690,Isaiah Green,Millerfurt,Virginia,West,C,Type3,2024-01-14,3,52.86,,1663.33,1024.26,1.8,Cancelled
AIR1691,Kelly Shepard,West Joshuachester,Florida,East,D,Type2,2025-07-10,16,238.19,0.09,5720.86,-124.8,3.8,Cancelled
AIR1692,Ronald Callahan,North Jasonborough,Iowa,East,B,Type1,2024-09-30,17,845.71,0.24,4985.7,4667.98,5.0,Completed
AIR1693,Trevor Johnson,Herrerafurt,South Dakota,North,A,Type2,2023-07-18,5,710.17,0.1,2324.33,2358.16,2.6,Pending
AIR1694,Cheryl Brown,Port Justin,Arkansas,South,B,Type3,2023-10-25,6,440.21,0.17,9924.42,2026.57,2.9,Cancelled
AIR1695,Rachel Turner,Christopherside,Oklahoma,South,D,Type1,2026-05-02,5,244.39,0.12,7953.97,4637.74,2.7,Cancelled
AIR1696,Harold Powell,Adamstad,Hawaii,East,D,Type1,2024-10-24,11,344.56,0.19,2878.34,4910.43,3.2,Completed
AIR1697,Angel Drake,Edgarside,South Carolina,North,B,Type1,2023-06-12,19,723.81,0.03,7969.14,-195.77,2.8,Pending
AIR1698,Haley Williams,New Erika,New Jersey,South,B,Type1,2024-03-05,9,716.55,0.12,2555.21,1258.15,3.9,Cancelled
AIR1699,Jonathan Gomez,West Shelleyhaven,Kansas,South,C,Type2,2024-01-09,5,330.65,0.27,2874.97,3005.9,1.0,Cancelled
AIR1700,Benjamin Robinson,Chrisstad,Utah,West,B,Type3,2024-05-31,16,806.74,0.29,8905.88,4414.76,2.9,Completed
AIR1701,Veronica White,New David,Kentucky,South,D,Type1,2023-09-14,2,747.48,0.03,9036.03,2715.68,3.3,Cancelled
AIR1702,Adam Harvey,Owensbury,Florida,North,A,Type2,2025-01-10,2,413.48,0.2,8163.32,4911.8,1.1,Pending
AIR1703,Lisa Fletcher,Hollyside,Minnesota,South,D,Type1,2025-02-28,4,754.14,0.12,9949.81,3250.13,1.4,Cancelled
AIR1704,Michelle Davis,North Brian,Massachusetts,North,B,Type2,2023-07-17,2,98.58,0.11,1191.95,-441.68,2.5,Cancelled
AIR1705,Carla Nichols,Mariafurt,Maine,East,B,Type3,2024-01-22,8,403.89,0.01,5420.84,,2.4,Cancelled
AIR1706,Michael Wilson,South Gwendolynchester,Kansas,West,B,Type2,2025-07-19,2,728.96,0.03,4695.39,4755.08,4.7,Completed
AIR1707,Donald Howell,Juanland,Minnesota,West,A,Type3,2024-12-21,15,331.09,0.07,6060.49,488.04,1.0,Cancelled
AIR1708,Mr. Jeffrey Smith DDS,Heatherfurt,Mississippi,North,A,Type1,2023-12-07,10,104.55,0.14,6142.11,4646.19,4.3,Cancelled
AIR1709,Joseph Pacheco,South Michele,Virginia,East,A,Type3,2024-02-26,8,171.74,0.2,6334.02,975.29,1.2,Pending
AIR1710,Melissa Wilson,Port Angela,South Carolina,North,D,Type2,2023-06-12,13,601.12,0.17,3169.16,4521.49,4.4,Cancelled
AIR1711,Tracy Poole,Flynntown,Tennessee,West,A,Type1,2023-11-08,1,993.23,0.13,601.61,2854.91,2.7,Cancelled
AIR1712,Scott Moses,Whitebury,Alabama,South,C,Type3,2025-06-19,1,932.98,0.19,3493.34,1522.85,3.6,Cancelled
AIR1713,Megan Park,Hollyfort,Minnesota,West,C,Type3,2024-10-27,16,387.45,0.13,7188.11,4508.64,1.7,Cancelled
AIR1714,Robert Ortiz,Williamshaven,Georgia,South,D,Type3,2023-06-05,4,197.91,0.11,3836.07,-16.92,4.2,Cancelled
AIR1715,Destiny Spencer,West Daniel,Wyoming,South,D,Type3,2025-02-24,2,730.76,0.29,5309.53,3560.62,2.9,Completed
AIR1716,Walter Wright,Beasleyfurt,Arizona,South,B,Type3,2024-02-12,5,858.18,0.25,9865.6,2763.93,1.2,Completed
AIR1717,Jenny Robinson,Tuckerville,Louisiana,East,B,Type1,2023-11-07,6,882.22,0.03,7287.2,1582.77,4.2,Pending
AIR1718,Daniel Carter,West Natalie,Connecticut,East,C,Type1,2024-09-10,17,266.6,0.2,9224.91,2448.33,4.0,Cancelled
AIR1719,Randall Hernandez,West Jacquelineport,Mississippi,South,A,Type2,2024-06-04,17,524.33,0.3,3876.96,3694.91,4.1,Cancelled
AIR1720,Lisa Hicks,Penningtonchester,Georgia,West,D,Type3,2023-06-24,4,156.57,0.19,5617.55,144.07,2.9,Cancelled
AIR1721,James Ortega,New Pennyfort,Hawaii,West,D,Type1,2024-02-07,17,12.22,0.07,2237.9,955.33,1.1,Cancelled
AIR1722,Brandon Webb,Hammondside,Wyoming,South,B,Type3,2023-06-26,11,137.24,0.2,4235.63,1595.43,4.5,Completed
AIR1723,Kristin Johnson,Kathleenmouth,Massachusetts,North,A,Type2,2024-12-25,15,824.5,0.06,2448.9,3528.24,3.5,Cancelled
AIR1724,Pamela Rivera,East Cassandrachester,Colorado,North,C,Type3,2025-11-13,1,501.16,,5460.97,4460.29,4.6,Completed
AIR1725,Billy Bryant,New Robinberg,Idaho,East,D,Type2,2024-01-28,14,264.64,0.16,5877.32,4630.67,1.9,Cancelled
AIR1726,Jennifer Henry,Veronicamouth,Kansas,South,D,Type1,2025-04-21,15,992.86,0.08,1851.23,1591.17,3.8,Completed
AIR1727,Charles Robinson,Lake Mark,Vermont,South,C,Type2,2026-01-01,2,332.57,0.1,8671.13,2017.55,4.8,Completed
AIR1728,David Brown,New Jonathanland,Maryland,West,D,Type1,2026-02-11,12,537.82,0.22,2064.24,4490.12,5.0,Completed
AIR1729,Lauren Solomon,West Mariahmouth,Rhode Island,South,B,Type2,2024-02-23,6,598.51,0.03,4386.38,-192.56,2.3,Completed
AIR1730,Megan Martin,New Charlesburgh,Kansas,West,D,Type2,2024-12-14,8,198.49,0.27,1714.23,3535.36,3.6,Pending
AIR1731,Jason Rivera,Meganburgh,North Dakota,South,C,Type2,2023-07-10,10,200.11,0.04,1955.8,2777.57,2.6,Completed
AIR1732,Amber Smith,Pricechester,Montana,North,D,Type1,2024-04-25,4,956.38,0.12,4934.92,502.03,4.9,Pending
AIR1733,Blake Allen,South Sergio,Montana,West,A,Type1,2024-06-13,12,499.34,0.23,6114.78,3902.79,2.5,Completed
AIR1734,Alyssa Hunt,,California,West,B,Type1,2024-08-23,9,312.02,0.23,833.32,-87.3,2.4,Cancelled
AIR1735,Dr. Abigail Glenn,Lake Jamiehaven,Georgia,West,A,Type1,2024-10-20,18,159.33,,1380.53,192.14,1.1,Cancelled
AIR1736,Johnny Bauer,West Lauraburgh,Utah,East,B,Type2,2024-06-21,4,49.88,0.08,3459.69,2517.54,2.4,Completed
AIR1737,Michael Decker,New Ronaldport,Indiana,East,D,Type3,2026-04-13,5,942.44,0.11,886.75,1192.68,2.2,Completed
AIR1738,Kevin Myers,Andersonhaven,New Mexico,North,D,Type3,2024-02-23,9,240.89,0.27,6958.29,91.14,1.5,Cancelled
AIR1739,Brett Wells,Sharonton,Michigan,East,B,Type1,2024-08-24,2,465.94,0.14,9038.59,3348.1,1.1,Pending
AIR1740,Pamela Vasquez,Rosemouth,North Dakota,West,D,Type3,2025-05-23,4,46.26,0.27,7125.0,372.48,1.1,Cancelled
AIR1741,Andrew Harris,Bethside,Rhode Island,South,A,Type2,2024-07-25,8,797.42,0.26,5975.74,4892.21,2.5,Completed
AIR1742,Rodney Ellis,North Jeffrey,Nevada,North,B,Type3,2024-10-17,9,289.76,0.01,9460.6,4656.85,2.5,Cancelled
AIR1743,Kayla Wilson,Steventown,Massachusetts,South,D,Type3,2024-05-25,19,957.61,0.21,3936.44,1729.03,2.2,Cancelled
AIR1744,Teresa Russell,South Bobbyport,Alaska,West,D,Type1,2025-10-22,15,818.3,0.26,271.4,3609.84,2.9,Pending
AIR1745,Elizabeth Soto,New Rachel,Texas,East,A,Type2,2025-10-26,4,850.61,0.11,926.77,3937.77,4.7,Pending
AIR1746,Lee Bell,Tamaratown,West Virginia,South,D,Type1,2026-03-18,19,213.26,0.15,9121.81,2574.58,2.2,Pending
AIR1747,Brianna Sharp,Wyattside,Illinois,West,C,Type3,2026-04-04,2,199.21,0.07,9717.93,3956.91,4.1,Pending
AIR1748,Margaret Mcintyre,New Brian,New Hampshire,East,C,Type3,2025-10-16,8,614.51,0.16,689.7,3874.84,1.2,Pending
AIR1749,April Brooks,Austintown,South Carolina,East,A,Type1,2024-12-19,4,130.08,,9196.04,,4.7,Pending
AIR1750,Virginia Silva,Christinaberg,Montana,North,C,Type3,2026-01-13,8,960.73,0.22,1719.61,1088.74,2.3,Pending
AIR1751,Keith Edwards,Jamesmouth,Illinois,South,B,Type1,2026-02-06,8,104.66,0.07,3726.76,4324.06,2.4,Pending
AIR1752,Rebecca Thornton,West Jacob,Hawaii,North,A,Type3,2024-08-18,1,704.32,0.15,7559.79,3180.56,2.8,Cancelled
AIR1753,Heather Hernandez,Wilkinsonmouth,California,West,D,Type3,2026-03-10,5,172.21,0.14,4034.81,452.8,2.1,Completed
AIR1754,Melissa West,Anthonystad,Maryland,South,C,Type3,2024-10-22,10,625.14,0.12,7785.59,376.68,4.6,Cancelled
AIR1755,Laurie Daniels,,Oklahoma,East,C,Type2,2025-01-24,6,868.03,0.08,6814.17,3831.14,1.2,Cancelled
AIR1756,Shannon Olson,South Amanda,New York,North,B,Type2,2023-08-06,12,214.31,0.21,9327.01,1744.14,1.3,Completed
AIR1757,Brooke Braun,North Kellymouth,North Carolina,West,B,Type1,2024-06-16,14,136.76,0.07,4456.38,,2.5,Completed
AIR1758,Emily Johnson,North Emily,Virginia,North,D,Type2,2025-07-30,9,635.0,0.27,5193.52,2327.85,1.7,Cancelled
AIR1759,Gary Chavez,Christinaberg,Kansas,East,D,Type2,2026-04-23,16,105.95,0.18,7727.64,1191.06,4.0,Cancelled
AIR1760,Linda Burke,Ryanfurt,North Carolina,West,A,Type1,2024-05-07,3,869.83,0.29,9719.88,4196.1,1.9,Pending
AIR1761,Michelle Ruiz,Jamesmouth,Virginia,West,D,Type2,2024-10-15,12,887.21,0.28,3676.85,4525.97,2.1,Completed
AIR1762,Nathan Ward,,Connecticut,South,B,Type2,2024-12-08,14,770.14,0.04,9374.99,2117.89,2.0,Pending
AIR1763,Jonathan Olson,New Jacquelineview,West Virginia,East,D,Type1,2026-05-08,4,391.65,0.23,6896.37,2192.89,4.6,Pending
AIR1764,Doris Mendoza,Port Coreyshire,South Dakota,South,C,Type3,2024-12-26,19,409.86,0.05,9032.79,4534.49,4.3,Cancelled
AIR1765,Sandra Moran,East Williammouth,New York,West,D,Type1,2026-01-30,7,220.5,0.28,2766.01,1373.84,3.2,Pending
AIR1766,Angela Watson,East Bethburgh,Georgia,North,A,Type3,2023-11-16,15,649.63,0.2,7198.24,2994.82,1.0,Pending
AIR1767,Julie Case,Lake Michaelchester,New Hampshire,North,A,Type1,2024-05-20,14,84.78,0.06,4304.87,-262.93,2.3,Cancelled
AIR1768,Melissa Burch,South Kimberly,Oklahoma,West,B,Type3,2025-04-23,13,758.06,0.05,4211.08,4995.02,2.9,Cancelled
AIR1769,Sabrina Barker,Stacyfurt,Wisconsin,South,C,Type2,2025-08-18,12,205.72,0.22,1702.72,244.97,3.1,Cancelled
AIR1770,Jessica Perry,Port Danielleberg,Nevada,West,A,Type3,2025-06-11,15,912.47,0.19,2964.61,478.12,2.0,Cancelled
AIR1771,John Mathis,Christopherstad,New York,North,A,Type2,2025-10-07,15,743.13,0.04,7985.79,343.85,3.5,Pending
AIR1772,John Sanchez,East Katherine,Ohio,North,C,Type1,2024-08-12,16,425.31,0.15,6274.82,-241.57,1.8,Cancelled
AIR1773,Adam Ramos DDS,Jadeside,Georgia,East,B,Type1,2025-02-13,7,305.66,0.25,2520.03,3767.15,2.9,Cancelled
AIR1774,Olivia Thornton,Melissaton,New Hampshire,West,D,Type2,2024-11-16,10,253.99,0.04,8116.98,1978.68,2.5,Completed
AIR1775,Kristen Gray,North Mikeview,Oklahoma,South,A,Type2,2025-08-22,16,693.74,0.0,9510.63,2059.51,2.4,Pending
AIR1776,Kimberly Acevedo,Lefort,Florida,North,B,Type3,2023-07-07,12,895.94,0.04,4298.45,4849.99,2.5,Cancelled
AIR1777,Aaron Cook,Baileyburgh,Georgia,South,C,Type1,2023-09-30,12,945.46,0.06,9617.2,705.4,2.8,Pending
AIR1778,Jason Porter,Woodstown,Minnesota,South,A,Type2,2023-11-26,7,967.59,0.19,2200.42,-189.33,2.0,Pending
AIR1779,Brandon Crawford,North Edward,New Hampshire,South,D,Type3,2024-08-29,1,940.17,0.1,623.08,2843.83,2.0,Pending
AIR1780,Ernest Johnson,,New Hampshire,West,A,Type1,2023-08-03,9,715.11,0.03,514.48,1920.89,1.8,Pending
AIR1781,Todd Adams,Priscillaville,Nevada,West,C,Type1,2025-08-17,8,202.63,0.12,6499.26,606.74,3.7,Completed
AIR1782,Jose Phillips,South Sandy,Minnesota,North,D,Type2,2024-03-12,17,341.34,0.18,6897.12,2112.29,2.0,Completed
AIR1783,Lori Mccarthy,Peterstad,South Dakota,West,C,Type1,2024-08-18,15,390.64,0.09,6314.04,531.37,1.1,Completed
AIR1784,Glenn Hamilton,South Jennifer,Nevada,West,C,Type2,2025-02-18,18,662.29,0.17,8391.28,4759.08,2.7,Completed
AIR1785,Rachael Alvarez,North Helen,Oklahoma,North,A,Type1,2024-08-08,12,449.49,0.27,6837.38,4421.55,3.0,Cancelled
AIR1786,Hailey Rodriguez,Allisonview,Arizona,North,A,Type3,2023-09-09,19,353.59,0.12,7553.85,2375.05,4.8,Cancelled
AIR1787,Eric Jones,West David,Georgia,East,D,Type3,2025-11-11,17,363.81,0.28,5575.37,1971.22,3.5,Cancelled
AIR1788,Barbara Casey,North Lisaland,Massachusetts,South,A,Type3,2023-11-20,7,561.51,0.26,2460.76,1049.03,1.4,Completed
AIR1789,John Wood,Rodriguezton,Connecticut,East,D,Type2,2025-11-19,17,751.68,0.01,1434.01,3480.03,2.8,Completed
AIR1790,Alex Sullivan,New Dennistown,Wyoming,South,C,Type1,2024-04-21,12,275.63,0.2,9573.6,257.99,4.0,Pending
AIR1791,Caroline Coleman,Campbellborough,Tennessee,East,C,Type3,2023-07-11,5,551.81,0.1,2612.92,3557.22,4.3,Completed
AIR1792,Jennifer Martinez,Port Aaron,Texas,East,A,Type3,2024-06-23,4,178.31,0.08,2619.53,2008.33,3.5,Cancelled
AIR1793,Pamela Sanchez,Ryanland,Wisconsin,South,D,Type3,2023-12-26,7,998.67,0.22,9128.97,2607.91,4.6,Pending
AIR1794,Michelle Wallace,Port Jessica,Tennessee,North,A,Type1,2023-10-22,9,534.44,0.22,9096.78,3282.63,3.1,Completed
AIR1795,Tamara Henry,Pamelastad,Texas,North,B,Type1,2026-03-01,6,233.53,0.21,4855.68,3515.61,2.5,Pending
AIR1796,Theresa Burke,South Rachelmouth,Ohio,South,C,Type2,2024-02-02,11,637.75,0.01,9966.31,3240.92,2.9,Completed
AIR1797,Debra Allen,Ginatown,West Virginia,South,B,Type1,2024-03-19,12,281.7,0.18,1856.87,1194.79,1.2,Cancelled
AIR1798,Mason Ramirez,Wrighthaven,South Dakota,South,C,Type2,2025-04-12,2,674.83,0.18,4474.39,319.97,1.0,Pending
AIR1799,Andrew Watson,Fisherhaven,Alabama,North,D,Type3,2024-10-02,8,237.46,0.29,1627.99,1139.67,3.4,Completed
AIR1800,Alejandro Tyler,Richardsonport,Massachusetts,North,A,Type1,2023-07-12,2,139.85,0.23,4582.36,459.9,1.9,Cancelled
AIR1331,Joy Harrell,North Gregoryshire,Iowa,South,A,Type2,2026-01-26,13,29.4,0.22,9996.64,3060.71,2.6,Cancelled
AIR1537,Kelly Walker,Kevinville,North Carolina,East,B,Type2,2025-03-27,4,299.05,0.15,8201.45,,4.8,Completed
AIR1726,Jennifer Henry,Veronicamouth,Kansas,South,D,Type1,2025-04-21,15,992.86,0.08,1851.23,1591.17,3.8,Completed
AIR1372,Randy Turner,Perkinsfurt,New Mexico,West,A,Type3,2024-09-09,9,369.5,0.06,5489.74,165.98,2.9,Pending
AIR1463,William Hart,,South Carolina,East,A,Type2,2023-09-23,13,53.37,0.13,661.68,,2.6,Completed
AIR1211,Brent Parker,Johnsonton,Maryland,West,B,Type3,2023-09-18,1,203.82,0.2,8317.16,3109.24,3.2,Completed
AIR1586,Clayton Sullivan,South John,Pennsylvania,East,D,Type1,2024-06-05,17,570.11,0.25,9974.73,1198.96,4.9,Pending
AIR1760,Linda Burke,Ryanfurt,North Carolina,West,A,Type1,2024-05-07,3,869.83,0.29,9719.88,4196.1,1.9,Pending
AIR1740,Pamela Vasquez,Rosemouth,North Dakota,West,D,Type3,2025-05-23,4,46.26,0.27,7125.0,372.48,1.1,Cancelled
AIR1622,Brenda Pratt,Webbberg,Maine,East,D,Type1,2024-09-10,10,868.19,,4490.42,4478.66,1.4,Pending
